Time,Component,Mass (kg),Pressure (kg/ms^2),Density (kg/m^3),Temperature (K)
0.0,Pressurant Tank,5.580653379599682,4826332.0,55.80653379599682,293.15
0.0,Pipe,N/A,N/A,N/A,N/A
0.0,Pressure Outlet,N/A,792897.4,9.129090125673672,N/A
0.1,Pressurant Tank,5.5622897712574,4802737.022660936,55.622897712573995,292.7284968747656
0.1,Pipe,N/A,N/A,N/A,N/A
0.1,Pressure Outlet,N/A,792897.4,9.129090125673672,N/A
0.2,Pressurant Tank,5.544010186666801,4779289.001318164,55.44010186666801,292.30799367404535
0.2,Pipe,N/A,N/A,N/A,N/A
0.2,Pressure Outlet,N/A,792897.4,9.129090125673672,N/A
0.30000000000000004,Pressurant Tank,5.525814182588773,4755986.889341846,55.258141825887726,291.888489045291
0.30000000000000004,Pipe,N/A,N/A,N/A,N/A
0.30000000000000004,Pressure Outlet,N/A,792897.4,9.129090125673672,N/A
0.4,Pressurant Tank,5.507701318558667,4732829.64855427,55.07701318558667,291.46998162771183
0.4,Pipe,N/A,N/A,N/A,N/A
0.4,Pressure Outlet,N/A,792897.4,9.129090125673672,N/A
0.5,Pressurant Tank,5.489671156866486,4709816.249154088,54.89671156866486,291.05247005245025
0.5,Pipe,N/A,N/A,N/A,N/A
0.5,Pressure Outlet,N/A,792897.4,9.129090125673672,N/A
0.6,Pressurant Tank,5.471723262537225,4686945.669641298,54.71723262537225,290.6359529427552
0.6,Pipe,N/A,N/A,N/A,N/A
0.6,Pressure Outlet,N/A,792897.4,9.129090125673672,N/A
0.7,Pressurant Tank,5.453857203311376,4664216.896742974,54.53857203311376,290.22042891415373
0.7,Pipe,N/A,N/A,N/A,N/A
0.7,Pressure Outlet,N/A,792897.4,9.129090125673672,N/A
0.7999999999999999,Pressurant Tank,5.436072549625591,4641628.925339714,54.3607254962559,289.80589657462036
0.7999999999999999,Pipe,N/A,N/A,N/A,N/A
0.7999999999999999,Pressure Outlet,N/A,792897.4,9.129090125673672,N/A
0.8999999999999999,Pressurant Tank,5.418368874593495,4619180.758392809,54.183688745934944,289.3923545247435
0.8999999999999999,Pipe,N/A,N/A,N/A,N/A
0.8999999999999999,Pressure Outlet,N/A,792897.4,9.129090125673672,N/A
0.9999999999999999,Pressurant Tank,5.400745753986657,4596871.406872131,54.007457539866564,288.9798013578905
0.9999999999999999,Pipe,N/A,N/A,N/A,N/A
0.9999999999999999,Pressure Outlet,N/A,792897.4,9.129090125673672,N/A
1.0999999999999999,Pressurant Tank,5.383202766215715,4574699.8896847265,53.832027662157145,288.5682356603699
1.0999999999999999,Pipe,N/A,N/A,N/A,N/A
1.0999999999999999,Pressure Outlet,N/A,792897.4,9.129090125673672,N/A
1.2,Pressurant Tank,5.365739492311648,4552665.233604099,53.65739492311648,288.15765601159234
1.2,Pipe,N/A,N/A,N/A,N/A
1.2,Pressure Outlet,N/A,792897.4,9.129090125673672,N/A
1.3,Pressurant Tank,5.348355515907203,4530766.473200195,53.483555159072026,287.74806098422886
1.3,Pipe,N/A,N/A,N/A,N/A
1.3,Pressure Outlet,N/A,792897.4,9.129090125673672,N/A
1.4000000000000001,Pressurant Tank,5.331050423218469,4509002.650770065,53.310504232184684,287.33944914436654
1.4000000000000001,Pipe,N/A,N/A,N/A,N/A
1.4000000000000001,Pressure Outlet,N/A,792897.4,9.129090125673672,N/A
1.5000000000000002,Pressurant Tank,5.313823803026594,4487372.816269204,53.13823803026594,286.93181905166364
1.5000000000000002,Pipe,N/A,N/A,N/A,N/A
1.5000000000000002,Pressure Outlet,N/A,792897.4,9.129090125673672,N/A
1.6000000000000003,Pressurant Tank,5.2966752466596585,4465876.027243557,52.96675246659658,286.5251692595012
1.6000000000000003,Pipe,N/A,N/A,N/A,N/A
1.6000000000000003,Pressure Outlet,N/A,792897.4,9.129090125673672,N/A
1.7000000000000004,Pressurant Tank,5.279604347974684,4444511.3487621965,52.796043479746835,286.1194983151333
1.7000000000000004,Pipe,N/A,N/A,N/A,N/A
1.7000000000000004,Pressure Outlet,N/A,792897.4,9.129090125673672,N/A
1.8000000000000005,Pressurant Tank,5.262610703339788,4423277.853350641,52.62610703339787,285.71480475983554
1.8000000000000005,Pipe,N/A,N/A,N/A,N/A
1.8000000000000005,Pressure Outlet,N/A,792897.4,9.129090125673672,N/A
1.9000000000000006,Pressurant Tank,5.245693911616486,4402174.620924837,52.456939116164854,285.3110871290512
1.9000000000000006,Pipe,N/A,N/A,N/A,N/A
1.9000000000000006,Pressure Outlet,N/A,792897.4,9.129090125673672,N/A
2.0000000000000004,Pressurant Tank,5.228853574142127,4381200.738725765,52.28853574142126,284.90834395253523
2.0000000000000004,Pipe,N/A,N/A,N/A,N/A
2.0000000000000004,Pressure Outlet,N/A,792897.4,9.129090125673672,N/A
2.1000000000000005,Pressurant Tank,5.2120892947124755,4360355.301254699,52.12089294712475,284.50657375449725
2.1000000000000005,Pipe,N/A,N/A,N/A,N/A
2.1000000000000005,Pressure Outlet,N/A,792897.4,9.129090125673672,N/A
2.2000000000000006,Pressurant Tank,5.195400679564428,4339637.410209081,51.954006795644275,284.1057750537416
2.2000000000000006,Pipe,N/A,N/A,N/A,N/A
2.2000000000000006,Pressure Outlet,N/A,792897.4,9.129090125673672,N/A
2.3000000000000007,Pressurant Tank,5.178787337358869,4319046.17441902,51.78787337358868,283.7059463638063
2.3000000000000007,Pipe,N/A,N/A,N/A,N/A
2.3000000000000007,Pressure Outlet,N/A,792897.4,9.129090125673672,N/A
2.400000000000001,Pressurant Tank,5.162248879163661,4298580.709784408,51.622488791636606,283.30708619309956
2.400000000000001,Pipe,N/A,N/A,N/A,N/A
2.400000000000001,Pressure Outlet,N/A,792897.4,9.129090125673672,N/A
2.500000000000001,Pressurant Tank,5.145784918436773,4278240.13921264,51.457849184367724,282.9091930450354
2.500000000000001,Pipe,N/A,N/A,N/A,N/A
2.500000000000001,Pressure Outlet,N/A,792897.4,9.129090125673672,N/A
2.600000000000001,Pressurant Tank,5.129395071009538,4258023.592556942,51.29395071009538,282.5122654181662
2.600000000000001,Pipe,N/A,N/A,N/A,N/A
2.600000000000001,Pressure Outlet,N/A,792897.4,9.129090125673672,N/A
2.700000000000001,Pressurant Tank,5.11307895507005,4237930.206555292,51.1307895507005,282.1163018063144
2.700000000000001,Pipe,N/A,N/A,N/A,N/A
2.700000000000001,Pressure Outlet,N/A,792897.4,9.129090125673672,N/A
2.800000000000001,Pressurant Tank,5.096836191146686,4217959.124769931,50.96836191146686,281.72130069870224
2.800000000000001,Pipe,N/A,N/A,N/A,N/A
2.800000000000001,Pressure Outlet,N/A,792897.4,9.129090125673672,N/A
2.9000000000000012,Pressurant Tank,5.080666402091758,4198109.497527449,50.80666402091758,281.3272605800797
2.9000000000000012,Pipe,N/A,N/A,N/A,N/A
2.9000000000000012,Pressure Outlet,N/A,792897.4,9.129090125673672,N/A
3.0000000000000013,Pressurant Tank,5.064569213065303,4178380.481859467,50.645692130653025,280.9341799308506
3.0000000000000013,Pipe,N/A,N/A,N/A,N/A
3.0000000000000013,Pressure Outlet,N/A,792897.4,9.129090125673672,N/A
3.1000000000000014,Pressurant Tank,5.04854425151899,4158771.241443873,50.4854425151899,280.54205722719723
3.1000000000000014,Pipe,N/A,N/A,N/A,N/A
3.1000000000000014,Pressure Outlet,N/A,792897.4,9.129090125673672,N/A
3.2000000000000015,Pressurant Tank,5.032591147180162,4139280.946546628,50.32591147180162,280.15089094120333
3.2000000000000015,Pipe,N/A,N/A,N/A,N/A
3.2000000000000015,Pressure Outlet,N/A,792897.4,9.129090125673672,N/A
3.3000000000000016,Pressurant Tank,5.016709532035999,4119908.773964139,50.167095320359984,279.7606795409751
3.3000000000000016,Pipe,N/A,N/A,N/A,N/A
3.3000000000000016,Pressure Outlet,N/A,792897.4,9.129090125673672,N/A
3.4000000000000017,Pressurant Tank,5.000899040317807,4100653.906966173,50.00899040317807,279.37142149076095
3.4000000000000017,Pipe,N/A,N/A,N/A,N/A
3.4000000000000017,Pressure Outlet,N/A,792897.4,9.129090125673672,N/A
3.5000000000000018,Pressurant Tank,4.985159308485434,4081515.5352393277,49.851593084854336,278.9831152510692
3.5000000000000018,Pipe,N/A,N/A,N/A,N/A
3.5000000000000018,Pressure Outlet,N/A,792897.4,9.129090125673672,N/A
3.600000000000002,Pressurant Tank,4.969489975211803,4062492.8548310436,49.694899752118026,278.59575927878484
3.600000000000002,Pipe,N/A,N/A,N/A,N/A
3.600000000000002,Pressure Outlet,N/A,792897.4,9.129090125673672,N/A
3.700000000000002,Pressurant Tank,4.953890681367572,4043585.068094151,49.538906813675716,278.2093520272842
3.700000000000002,Pipe,N/A,N/A,N/A,N/A
3.700000000000002,Pressure Outlet,N/A,792897.4,9.129090125673672,N/A
3.800000000000002,Pressurant Tank,4.938361070005907,4024791.383631943,49.38361070005907,277.82389194654803
3.800000000000002,Pipe,N/A,N/A,N/A,N/A
3.800000000000002,Pressure Outlet,N/A,792897.4,9.129090125673672,N/A
3.900000000000002,Pressurant Tank,4.922900786347386,4006111.016243783,49.22900786347385,277.4393774832733
3.900000000000002,Pipe,N/A,N/A,N/A,N/A
3.900000000000002,Pressure Outlet,N/A,792897.4,9.129090125673672,N/A
4.000000000000002,Pressurant Tank,4.907509477765006,3987543.186871228,49.07509477765006,277.0558070809835
4.000000000000002,Pipe,N/A,N/A,N/A,N/A
4.000000000000002,Pressure Outlet,N/A,792897.4,9.129090125673672,N/A
4.100000000000001,Pressurant Tank,4.892186793769326,3969087.1225446663,48.921867937693264,276.67317918013725
4.100000000000001,Pipe,N/A,N/A,N/A,N/A
4.100000000000001,Pressure Outlet,N/A,792897.4,9.129090125673672,N/A
4.200000000000001,Pressurant Tank,4.876932385993707,3950742.0563304606,48.76932385993707,276.29149221823553
4.200000000000001,Pipe,N/A,N/A,N/A,N/A
4.200000000000001,Pressure Outlet,N/A,792897.4,9.129090125673672,N/A
4.300000000000001,Pressurant Tank,4.8617459081796826,3932507.227278608,48.617459081796824,275.91074462992736
4.300000000000001,Pipe,N/A,N/A,N/A,N/A
4.300000000000001,Pressure Outlet,N/A,792897.4,9.129090125673672,N/A
4.4,Pressurant Tank,4.846627016162433,3914381.8803708786,48.46627016162433,275.5309348471142
4.4,Pipe,N/A,N/A,N/A,N/A
4.4,Pressure Outlet,N/A,792897.4,9.129090125673672,N/A
4.5,Pressurant Tank,4.831575367856383,3896365.266469468,48.31575367856382,275.1520612990529
4.5,Pipe,N/A,N/A,N/A,N/A
4.5,Pressure Outlet,N/A,792897.4,9.129090125673672,N/A
4.6,Pressurant Tank,4.8165906232409,3878456.642266127,48.165906232409,274.77412241245696
4.6,Pipe,N/A,N/A,N/A,N/A
4.6,Pressure Outlet,N/A,792897.4,9.129090125673672,N/A
4.699999999999999,Pressurant Tank,4.801672444346117,3860655.270231774,48.01672444346117,274.3971166115965
4.699999999999999,Pipe,N/A,N/A,N/A,N/A
4.699999999999999,Pressure Outlet,N/A,792897.4,9.129090125673672,N/A
4.799999999999999,Pressurant Tank,4.786820495238852,3842960.4185665925,47.86820495238852,274.02104231839735
4.799999999999999,Pipe,N/A,N/A,N/A,N/A
4.799999999999999,Pressure Outlet,N/A,792897.4,9.129090125673672,N/A
4.899999999999999,Pressurant Tank,4.772034442008649,3825371.361150601,47.720344420086484,273.64589795253823
4.899999999999999,Pipe,N/A,N/A,N/A,N/A
4.899999999999999,Pressure Outlet,N/A,792897.4,9.129090125673672,N/A
4.999999999999998,Pressurant Tank,4.75731395275392,3807887.377494686,47.5731395275392,273.2716819315466
4.999999999999998,Pipe,N/A,N/A,N/A,N/A
4.999999999999998,Pressure Outlet,N/A,792897.4,9.129090125673672,N/A
5.099999999999998,Pressurant Tank,4.742658697568198,3790507.7526921,47.42658697568198,272.89839267089314
5.099999999999998,Pipe,N/A,N/A,N/A,N/A
5.099999999999998,Pressure Outlet,N/A,792897.4,9.129090125673672,N/A
5.1999999999999975,Pressurant Tank,4.728068348526495,3773231.777370431,47.28068348526495,272.5260285840857
5.1999999999999975,Pipe,N/A,N/A,N/A,N/A
5.1999999999999975,Pressure Outlet,N/A,792897.4,9.129090125673672,N/A
5.299999999999997,Pressurant Tank,4.713542579671767,3756058.7476440053,47.13542579671767,272.15458808276094
5.299999999999997,Pipe,N/A,N/A,N/A,N/A
5.299999999999997,Pressure Outlet,N/A,792897.4,9.129090125673672,N/A
5.399999999999997,Pressurant Tank,4.699081067001481,3738987.965066759,46.99081067001481,271.784069576775
5.399999999999997,Pipe,N/A,N/A,N/A,N/A
5.399999999999997,Pressure Outlet,N/A,792897.4,9.129090125673672,N/A
5.4999999999999964,Pressurant Tank,4.6846834884542945,3722018.7365855468,46.84683488454294,271.41447147429324
5.4999999999999964,Pipe,N/A,N/A,N/A,N/A
5.4999999999999964,Pressure Outlet,N/A,792897.4,9.129090125673672,N/A
5.599999999999996,Pressurant Tank,4.6703495238968245,3705150.374493887,46.703495238968245,271.04579218187837
5.599999999999996,Pipe,N/A,N/A,N/A,N/A
5.599999999999996,Pressure Outlet,N/A,792897.4,9.129090125673672,N/A
5.699999999999996,Pressurant Tank,4.656078855110529,3688382.196386152,46.56078855110529,270.6780301045776
5.699999999999996,Pipe,N/A,N/A,N/A,N/A
5.699999999999996,Pressure Outlet,N/A,792897.4,9.129090125673672,N/A
5.799999999999995,Pressurant Tank,4.6418711657786895,3671713.5251121847,46.41871165778689,270.3111836460083
5.799999999999995,Pipe,N/A,N/A,N/A,N/A
5.799999999999995,Pressure Outlet,N/A,792897.4,9.129090125673672,N/A
5.899999999999995,Pressurant Tank,4.627726141473487,3655143.688732343,46.277261414734866,269.94525120844276
5.899999999999995,Pipe,N/A,N/A,N/A,N/A
5.899999999999995,Pressure Outlet,N/A,792897.4,9.129090125673672,N/A
5.999999999999995,Pressurant Tank,4.613643469643184,3638672.0204729685,46.136434696431834,269.5802311928912
5.999999999999995,Pipe,N/A,N/A,N/A,N/A
5.999999999999995,Pressure Outlet,N/A,792897.4,9.129090125673672,N/A
6.099999999999994,Pressurant Tank,4.5996228395994025,3622297.8586822716,45.996228395994024,269.2161219991845
6.099999999999994,Pipe,N/A,N/A,N/A,N/A
6.099999999999994,Pressure Outlet,N/A,792897.4,9.129090125673672,N/A
6.199999999999994,Pressurant Tank,4.585663942504503,3606020.546786634,45.85663942504503,268.8529220260551
6.199999999999994,Pipe,N/A,N/A,N/A,N/A
6.199999999999994,Pressure Outlet,N/A,792897.4,9.129090125673672,N/A
6.299999999999994,Pressurant Tank,4.571766471359053,3589839.433247316,45.71766471359053,268.49062967121677
6.299999999999994,Pipe,N/A,N/A,N/A,N/A
6.299999999999994,Pressure Outlet,N/A,792897.4,9.129090125673672,N/A
6.399999999999993,Pressurant Tank,4.557930120989403,3573753.871517582,45.57930120989403,268.1292433314436
6.399999999999993,Pipe,N/A,N/A,N/A,N/A
6.399999999999993,Pressure Outlet,N/A,792897.4,9.129090125673672,N/A
6.499999999999993,Pressurant Tank,4.544154588035346,3557763.2200002074,45.44154588035346,267.7687614026475
6.499999999999993,Pipe,N/A,N/A,N/A,N/A
6.499999999999993,Pressure Outlet,N/A,792897.4,9.129090125673672,N/A
6.5999999999999925,Pressurant Tank,4.530439570937881,3541866.8420054023,45.30439570937881,267.40918227995496
6.5999999999999925,Pipe,N/A,N/A,N/A,N/A
6.5999999999999925,Pressure Outlet,N/A,792897.4,9.129090125673672,N/A
6.699999999999992,Pressurant Tank,4.5167847699270665,3526064.1057091216,45.16784769927066,267.0505043577823
6.699999999999992,Pipe,N/A,N/A,N/A,N/A
6.699999999999992,Pressure Outlet,N/A,792897.4,9.129090125673672,N/A
6.799999999999992,Pressurant Tank,4.503189887009964,3510354.38411176,45.03189887009964,266.69272602991015
6.799999999999992,Pipe,N/A,N/A,N/A,N/A
6.799999999999992,Pressure Outlet,N/A,792897.4,9.129090125673672,N/A
6.8999999999999915,Pressurant Tank,4.489654625958682,3494737.054997244,44.89654625958682,266.33584568955706
6.8999999999999915,Pipe,N/A,N/A,N/A,N/A
6.8999999999999915,Pressure Outlet,N/A,792897.4,9.129090125673672,N/A
6.999999999999991,Pressurant Tank,4.476178692298503,3479211.500892493,44.761786922985024,265.9798617294512
6.999999999999991,Pipe,N/A,N/A,N/A,N/A
6.999999999999991,Pressure Outlet,N/A,792897.4,9.129090125673672,N/A
7.099999999999991,Pressurant Tank,4.462761793296104,3463777.1090272698,44.62761793296104,265.62477254190213
7.099999999999991,Pipe,N/A,N/A,N/A,N/A
7.099999999999991,Pressure Outlet,N/A,792897.4,9.129090125673672,N/A
7.19999999999999,Pressurant Tank,4.44940363794787,3448433.2712943964,44.49403637947869,265.2705765188709
7.19999999999999,Pipe,N/A,N/A,N/A,N/A
7.19999999999999,Pressure Outlet,N/A,792897.4,9.129090125673672,N/A
7.29999999999999,Pressurant Tank,4.4361039369682915,3433179.384210346,44.36103936968291,264.9172720520388
7.29999999999999,Pipe,N/A,N/A,N/A,N/A
7.29999999999999,Pressure Outlet,N/A,792897.4,9.129090125673672,N/A
7.39999999999999,Pressurant Tank,4.422862402778455,3418014.8488761964,44.22862402778455,264.5648575328763
7.39999999999999,Pipe,N/A,N/A,N/A,N/A
7.39999999999999,Pressure Outlet,N/A,792897.4,9.129090125673672,N/A
7.499999999999989,Pressurant Tank,4.40967874949462,3402939.0709389555,44.09678749494619,264.2133313527096
7.499999999999989,Pipe,N/A,N/A,N/A,N/A
7.499999999999989,Pressure Outlet,N/A,792897.4,9.129090125673672,N/A
7.599999999999989,Pressurant Tank,4.396552692916877,3387951.4605532344,43.96552692916876,263.8626919027874
7.599999999999989,Pipe,N/A,N/A,N/A,N/A
7.599999999999989,Pressure Outlet,N/A,792897.4,9.129090125673672,N/A
7.699999999999989,Pressurant Tank,4.383483950517902,3373051.4323432823,43.83483950517901,263.51293757434553
7.699999999999989,Pipe,N/A,N/A,N/A,N/A
7.699999999999989,Pressure Outlet,N/A,792897.4,9.129090125673672,N/A
7.799999999999988,Pressurant Tank,4.3704722414317905,3358238.4053653767,43.7047224143179,263.16406675867194
7.799999999999988,Pipe,N/A,N/A,N/A,N/A
7.799999999999988,Pressure Outlet,N/A,792897.4,9.129090125673672,N/A
7.899999999999988,Pressurant Tank,4.357517286442974,3343511.803070554,43.57517286442974,262.81607784716965
7.899999999999988,Pipe,N/A,N/A,N/A,N/A
7.899999999999988,Pressure Outlet,N/A,792897.4,9.129090125673672,N/A
7.999999999999988,Pressurant Tank,4.344618807975225,3328871.053267691,43.44618807975225,262.46896923141924
7.999999999999988,Pipe,N/A,N/A,N/A,N/A
7.999999999999988,Pressure Outlet,N/A,792897.4,9.129090125673672,N/A
8.099999999999987,Pressurant Tank,4.331776530080745,3314315.5880869282,43.31776530080745,262.12273930324045
8.099999999999987,Pipe,N/A,N/A,N/A,N/A
8.099999999999987,Pressure Outlet,N/A,792897.4,9.129090125673672,N/A
8.199999999999987,Pressurant Tank,4.318990178429333,3299844.843943427,43.189901784293326,261.7773864547527
8.199999999999987,Pipe,N/A,N/A,N/A,N/A
8.199999999999987,Pressure Outlet,N/A,792897.4,9.129090125673672,N/A
8.299999999999986,Pressurant Tank,4.306259480297635,3285458.261501466,43.06259480297635,261.43290907843505
8.299999999999986,Pipe,N/A,N/A,N/A,N/A
8.299999999999986,Pressure Outlet,N/A,792897.4,9.129090125673672,N/A
8.399999999999986,Pressurant Tank,4.293584164558481,3271155.285638866,42.9358416455848,261.0893055671847
8.399999999999986,Pipe,N/A,N/A,N/A,N/A
8.399999999999986,Pressure Outlet,N/A,792897.4,9.129090125673672,N/A
8.499999999999986,Pressurant Tank,4.280963961670291,3256935.3654117435,42.8096396167029,260.74657431437504
8.499999999999986,Pipe,N/A,N/A,N/A,N/A
8.499999999999986,Pressure Outlet,N/A,792897.4,9.129090125673672,N/A
8.599999999999985,Pressurant Tank,4.268398603666576,3242797.9540195907,42.68398603666576,260.4047137139131
8.599999999999985,Pipe,N/A,N/A,N/A,N/A
8.599999999999985,Pressure Outlet,N/A,792897.4,9.129090125673672,N/A
8.699999999999985,Pressurant Tank,4.255887824145505,3228742.508770673,42.55887824145505,260.0637221602952
8.699999999999985,Pipe,N/A,N/A,N/A,N/A
8.699999999999985,Pressure Outlet,N/A,792897.4,9.129090125673672,N/A
8.799999999999985,Pressurant Tank,4.243431358259557,3214768.4910477516,42.43431358259557,259.72359804866267
8.799999999999985,Pipe,N/A,N/A,N/A,N/A
8.799999999999985,Pressure Outlet,N/A,792897.4,9.129090125673672,N/A
8.899999999999984,Pressurant Tank,4.231028942705252,3200875.3662741138,42.31028942705252,259.38433977485647
8.899999999999984,Pipe,N/A,N/A,N/A,N/A
8.899999999999984,Pressure Outlet,N/A,792897.4,9.129090125673672,N/A
8.999999999999984,Pressurant Tank,4.218680315712951,3187062.6038799183,42.1868031571295,259.045945735471
8.999999999999984,Pipe,N/A,N/A,N/A,N/A
8.999999999999984,Pressure Outlet,N/A,792897.4,9.129090125673672,N/A
9.099999999999984,Pressurant Tank,4.206385217036745,3173329.6772688557,42.06385217036745,258.70841432790655
9.099999999999984,Pipe,N/A,N/A,N/A,N/A
9.099999999999984,Pressure Outlet,N/A,792897.4,9.129090125673672,N/A
9.199999999999983,Pressurant Tank,4.194143387944411,3159676.063785101,41.94143387944411,258.371743950422
9.199999999999983,Pipe,N/A,N/A,N/A,N/A
9.199999999999983,Pressure Outlet,N/A,792897.4,9.129090125673672,N/A
9.299999999999983,Pressurant Tank,4.181954571207445,3146101.2446805798,41.81954571207445,258.0359330021858
9.299999999999983,Pipe,N/A,N/A,N/A,N/A
9.299999999999983,Pressure Outlet,N/A,792897.4,9.129090125673672,N/A
9.399999999999983,Pressurant Tank,4.169818511091172,3132604.7050825357,41.69818511091172,257.70097988332685
9.399999999999983,Pipe,N/A,N/A,N/A,N/A
9.399999999999983,Pressure Outlet,N/A,792897.4,9.129090125673672,N/A
9.499999999999982,Pressurant Tank,4.157734953344928,3119185.933961383,41.57734953344928,257.366882994984
9.499999999999982,Pipe,N/A,N/A,N/A,N/A
9.499999999999982,Pressure Outlet,N/A,792897.4,9.129090125673672,N/A
9.599999999999982,Pressurant Tank,4.145703645192316,3105844.424098865,41.45703645192315,257.033640739355
9.599999999999982,Pipe,N/A,N/A,N/A,N/A
9.599999999999982,Pressure Outlet,N/A,792897.4,9.129090125673672,N/A
9.699999999999982,Pressurant Tank,4.133724335321535,3092579.672056498,41.33724335321535,256.7012515197454
9.699999999999982,Pipe,N/A,N/A,N/A,N/A
9.699999999999982,Pressure Outlet,N/A,792897.4,9.129090125673672,N/A
9.799999999999981,Pressurant Tank,4.121796773875783,3079391.1781443,41.21796773875783,256.3697137406152
9.799999999999981,Pipe,N/A,N/A,N/A,N/A
9.799999999999981,Pressure Outlet,N/A,792897.4,9.129090125673672,N/A
9.89999999999998,Pressurant Tank,4.109920712443728,3066278.446389813,41.09920712443728,256.0390258076262
9.89999999999998,Pipe,N/A,N/A,N/A,N/A
9.89999999999998,Pressure Outlet,N/A,792897.4,9.129090125673672,N/A
9.99999999999998,Pressurant Tank,4.098095904050052,3053240.9845074015,40.98095904050052,255.70918612768816
9.99999999999998,Pipe,N/A,N/A,N/A,N/A
9.99999999999998,Pressure Outlet,N/A,792897.4,9.129090125673672,N/A
10.09999999999998,Pressurant Tank,4.086322103146069,3040278.303867831,40.86322103146068,255.38019310900344
10.09999999999998,Pipe,N/A,N/A,N/A,N/A
10.09999999999998,Pressure Outlet,N/A,792897.4,9.129090125673672,N/A
10.19999999999998,Pressurant Tank,4.0745990656004025,3027389.9194681267,40.745990656004025,255.05204516111283
10.19999999999998,Pipe,N/A,N/A,N/A,N/A
10.19999999999998,Pressure Outlet,N/A,792897.4,9.129090125673672,N/A
10.29999999999998,Pressurant Tank,4.062926548689748,3014575.3499017004,40.629265486897474,254.72474069493816
10.29999999999998,Pipe,N/A,N/A,N/A,N/A
10.29999999999998,Pressure Outlet,N/A,792897.4,9.129090125673672,N/A
10.399999999999979,Pressurant Tank,4.051304311089689,3001834.117328758,40.51304311089689,254.3982781228267
10.399999999999979,Pipe,N/A,N/A,N/A,N/A
10.399999999999979,Pressure Outlet,N/A,792897.4,9.129090125673672,N/A
10.499999999999979,Pressurant Tank,4.039732112865591,2989165.7474469626,40.39732112865591,254.07265585859292
10.499999999999979,Pipe,N/A,N/A,N/A,N/A
10.499999999999979,Pressure Outlet,N/A,792897.4,9.129090125673672,N/A
10.599999999999978,Pressurant Tank,4.028209715463561,2976569.76946238,40.28209715463561,253.74787231756102
10.599999999999978,Pipe,N/A,N/A,N/A,N/A
10.599999999999978,Pressure Outlet,N/A,792897.4,9.129090125673672,N/A
10.699999999999978,Pressurant Tank,4.016736881701466,2964045.716060669,40.16736881701466,253.42392591660573
10.699999999999978,Pipe,N/A,N/A,N/A,N/A
10.699999999999978,Pressure Outlet,N/A,792897.4,9.129090125673672,N/A
10.799999999999978,Pressurant Tank,4.005313375760036,2951593.12337855,40.05313375760036,253.1008150741931
10.799999999999978,Pipe,N/A,N/A,N/A,N/A
10.799999999999978,Pressure Outlet,N/A,792897.4,9.129090125673672,N/A
10.899999999999977,Pressurant Tank,3.9939389631740125,2939211.53097552,39.93938963174012,252.77853821042027
10.899999999999977,Pipe,N/A,N/A,N/A,N/A
10.899999999999977,Pressure Outlet,N/A,792897.4,9.129090125673672,N/A
10.999999999999977,Pressurant Tank,3.982613410823378,2926900.4818058307,39.82613410823378,252.4570937470551
10.999999999999977,Pipe,N/A,N/A,N/A,N/A
10.999999999999977,Pressure Outlet,N/A,792897.4,9.129090125673672,N/A
11.099999999999977,Pressurant Tank,3.971336486924642,2914659.5221907105,39.71336486924642,252.1364801075745
11.099999999999977,Pipe,N/A,N/A,N/A,N/A
11.099999999999977,Pressure Outlet,N/A,792897.4,9.129090125673672,N/A
11.199999999999976,Pressurant Tank,3.9601079610221928,2902488.2017908487,39.60107961022192,251.81669571720272
11.199999999999976,Pipe,N/A,N/A,N/A,N/A
11.199999999999976,Pressure Outlet,N/A,792897.4,9.129090125673672,N/A
11.299999999999976,Pressurant Tank,3.9489276039797168,2890386.073579123,39.48927603979717,251.49773900294863
11.299999999999976,Pipe,N/A,N/A,N/A,N/A
11.299999999999976,Pressure Outlet,N/A,792897.4,9.129090125673672,N/A
11.399999999999975,Pressurant Tank,3.937795187971677,2878352.693813565,39.37795187971677,251.1796083936424
11.399999999999975,Pipe,N/A,N/A,N/A,N/A
11.399999999999975,Pressure Outlet,N/A,792897.4,9.129090125673672,N/A
11.499999999999975,Pressurant Tank,3.9267104864748554,2866387.6220105863,39.26710486474855,250.86230231997214
11.499999999999975,Pipe,N/A,N/A,N/A,N/A
11.499999999999975,Pressure Outlet,N/A,792897.4,9.129090125673672,N/A
11.599999999999975,Pressurant Tank,3.9156732742599596,2854490.420918428,39.156732742599594,250.54581921451927
11.599999999999975,Pipe,N/A,N/A,N/A,N/A
11.599999999999975,Pressure Outlet,N/A,792897.4,9.129090125673672,N/A
11.699999999999974,Pressurant Tank,3.904683327383288,2842660.6564908605,39.046833273832874,250.2301575117935
11.699999999999974,Pipe,N/A,N/A,N/A,N/A
11.699999999999974,Pressure Outlet,N/A,792897.4,9.129090125673672,N/A
11.799999999999974,Pressurant Tank,3.8937404231784596,2830897.897861116,38.93740423178459,249.9153156482674
11.799999999999974,Pipe,N/A,N/A,N/A,N/A
11.799999999999974,Pressure Outlet,N/A,792897.4,9.129090125673672,N/A
11.899999999999974,Pressurant Tank,3.882844340248202,2819201.717316052,38.828443402482016,249.60129206241038
11.899999999999974,Pipe,N/A,N/A,N/A,N/A
11.899999999999974,Pressure Outlet,N/A,792897.4,9.129090125673672,N/A
11.999999999999973,Pressurant Tank,3.8719948584562007,2807571.690270552,38.719948584562005,249.28808519472176
11.999999999999973,Pipe,N/A,N/A,N/A,N/A
11.999999999999973,Pressure Outlet,N/A,792897.4,9.129090125673672,N/A
12.099999999999973,Pressurant Tank,3.8611917589190092,2796007.3952421523,38.61191758919009,248.975693487764
12.099999999999973,Pipe,N/A,N/A,N/A,N/A
12.099999999999973,Pressure Outlet,N/A,792897.4,9.129090125673672,N/A
12.199999999999973,Pressurant Tank,3.850434823998016,2784508.4138258956,38.50434823998016,248.6641153861942
12.199999999999973,Pipe,N/A,N/A,N/A,N/A
12.199999999999973,Pressure Outlet,N/A,792897.4,9.129090125673672,N/A
12.299999999999972,Pressurant Tank,3.8397238372914733,2773074.330669414,38.39723837291473,248.3533493367967
12.299999999999972,Pipe,N/A,N/A,N/A,N/A
12.299999999999972,Pressure Outlet,N/A,792897.4,9.129090125673672,N/A
12.399999999999972,Pressurant Tank,3.829058583626581,2761704.73344823,38.29058583626581,248.04339378851353
12.399999999999972,Pipe,N/A,N/A,N/A,N/A
12.399999999999972,Pressure Outlet,N/A,792897.4,9.129090125673672,N/A
12.499999999999972,Pressurant Tank,3.818438849051633,2750399.2128412784,38.184388490516326,247.73424719247524
12.499999999999972,Pipe,N/A,N/A,N/A,N/A
12.499999999999972,Pressure Outlet,N/A,792897.4,9.129090125673672,N/A
12.599999999999971,Pressurant Tank,3.8078644208282144,2739157.362506652,38.07864420828214,247.425908002031
12.599999999999971,Pipe,N/A,N/A,N/A,N/A
12.599999999999971,Pressure Outlet,N/A,792897.4,9.129090125673672,N/A
12.69999999999997,Pressurant Tank,3.7973350874234626,2727978.7790575563,37.973350874234626,247.1183746727785
12.69999999999997,Pipe,N/A,N/A,N/A,N/A
12.69999999999997,Pressure Outlet,N/A,792897.4,9.129090125673672,N/A
12.79999999999997,Pressurant Tank,3.7868506385023806,2716863.0620384854,37.86850638502381,246.8116456625922
12.79999999999997,Pipe,N/A,N/A,N/A,N/A
12.79999999999997,Pressure Outlet,N/A,792897.4,9.129090125673672,N/A
12.89999999999997,Pressurant Tank,3.7764108649202073,2705809.8139016065,37.76410864920207,246.50571943165303
12.89999999999997,Pipe,N/A,N/A,N/A,N/A
12.89999999999997,Pressure Outlet,N/A,792897.4,9.129090125673672,N/A
12.99999999999997,Pressurant Tank,3.7660155587148436,2694818.6399833537,37.66015558714843,246.20059444247556
12.99999999999997,Pipe,N/A,N/A,N/A,N/A
12.99999999999997,Pressure Outlet,N/A,792897.4,9.129090125673672,N/A
13.09999999999997,Pressurant Tank,3.7556645130993336,2683889.1484812335,37.55664513099333,245.89626915993585
13.09999999999997,Pipe,N/A,N/A,N/A,N/A
13.09999999999997,Pressure Outlet,N/A,792897.4,9.129090125673672,N/A
13.199999999999969,Pressurant Tank,3.7453575224544013,2673020.9504308333,37.45357522454401,245.59274205129893
13.199999999999969,Pipe,N/A,N/A,N/A,N/A
13.199999999999969,Pressure Outlet,N/A,792897.4,9.129090125673672,N/A
13.299999999999969,Pressurant Tank,3.73509438232104,2662213.659683034,37.35094382321039,245.2900115862447
13.299999999999969,Pipe,N/A,N/A,N/A,N/A
13.299999999999969,Pressure Outlet,N/A,792897.4,9.129090125673672,N/A
13.399999999999968,Pressurant Tank,3.7248748893931563,2651466.8928814307,37.24874889393156,244.98807623689476
13.399999999999968,Pipe,N/A,N/A,N/A,N/A
13.399999999999968,Pressure Outlet,N/A,792897.4,9.129090125673672,N/A
13.499999999999968,Pressurant Tank,3.7146988415102675,2640780.2694399427,37.146988415102676,244.6869344778379
13.499999999999968,Pipe,N/A,N/A,N/A,N/A
13.499999999999968,Pressure Outlet,N/A,792897.4,9.129090125673672,N/A
13.599999999999968,Pressurant Tank,3.704566037650253,2630153.4115206334,37.045660376502525,244.38658478615523
13.599999999999968,Pipe,N/A,N/A,N/A,N/A
13.599999999999968,Pressure Outlet,N/A,792897.4,9.129090125673672,N/A
13.699999999999967,Pressurant Tank,3.694476277922156,2619585.94401172,36.944762779221556,244.08702564144482
13.699999999999967,Pipe,N/A,N/A,N/A,N/A
13.699999999999967,Pressure Outlet,N/A,792897.4,9.129090125673672,N/A
13.799999999999967,Pressurant Tank,3.684429363559038,2609077.494505776,36.84429363559038,243.7882555258464
13.799999999999967,Pipe,N/A,N/A,N/A,N/A
13.799999999999967,Pressure Outlet,N/A,792897.4,9.129090125673672,N/A
13.899999999999967,Pressurant Tank,3.6744250969108885,2598627.6932781334,36.74425096910888,243.49027292406524
13.899999999999967,Pipe,N/A,N/A,N/A,N/A
13.899999999999967,Pressure Outlet,N/A,792897.4,9.129090125673672,N/A
13.999999999999966,Pressurant Tank,3.664463281437579,2588236.1732654707,36.64463281437579,243.1930763233952
13.999999999999966,Pipe,N/A,N/A,N/A,N/A
13.999999999999966,Pressure Outlet,N/A,792897.4,9.129090125673672,N/A
14.099999999999966,Pressurant Tank,3.6545437217018746,2577902.5700445888,36.545437217018744,242.89666421374199
14.099999999999966,Pipe,N/A,N/A,N/A,N/A
14.099999999999966,Pressure Outlet,N/A,792897.4,9.129090125673672,N/A
14.199999999999966,Pressurant Tank,3.644666223362493,2567626.5218113796,36.44666223362493,242.60103508764604
14.199999999999966,Pipe,N/A,N/A,N/A,N/A
14.199999999999966,Pressure Outlet,N/A,792897.4,9.129090125673672,N/A
14.299999999999965,Pressurant Tank,3.634830593167213,2557407.669359973,36.34830593167213,242.3061874403041
14.299999999999965,Pipe,N/A,N/A,N/A,N/A
14.299999999999965,Pressure Outlet,N/A,792897.4,9.129090125673672,N/A
14.399999999999965,Pressurant Tank,3.6250366389460353,2547245.6560620754,36.25036638946035,242.01211976959175
14.399999999999965,Pipe,N/A,N/A,N/A,N/A
14.399999999999965,Pressure Outlet,N/A,792897.4,9.129090125673672,N/A
14.499999999999964,Pressurant Tank,3.6152841696043883,2537140.1278464794,36.15284169604388,241.71883057608403
14.499999999999964,Pipe,N/A,N/A,N/A,N/A
14.499999999999964,Pressure Outlet,N/A,792897.4,9.129090125673672,N/A
14.599999999999964,Pressurant Tank,3.605572995116388,2527090.7331787664,36.055729951163876,241.42631836307672
14.599999999999964,Pipe,N/A,N/A,N/A,N/A
14.599999999999964,Pressure Outlet,N/A,792897.4,9.129090125673672,N/A
14.699999999999964,Pressurant Tank,3.595902926518142,2517097.1230411767,35.959029265181414,241.13458163660712
14.699999999999964,Pipe,N/A,N/A,N/A,N/A
14.699999999999964,Pressure Outlet,N/A,792897.4,9.129090125673672,N/A
14.799999999999963,Pressurant Tank,3.586273775901104,2507158.950912663,35.86273775901104,240.84361890547385
14.799999999999963,Pipe,N/A,N/A,N/A,N/A
14.799999999999963,Pressure Outlet,N/A,792897.4,9.129090125673672,N/A
14.899999999999963,Pressurant Tank,3.5766853564054766,2497275.872749114,35.76685356405476,240.55342868125683
14.899999999999963,Pipe,N/A,N/A,N/A,N/A
14.899999999999963,Pressure Outlet,N/A,792897.4,9.129090125673672,N/A
14.999999999999963,Pressurant Tank,3.5671374822136572,2487447.546963756,35.67137482213657,240.2640094783365
14.999999999999963,Pipe,N/A,N/A,N/A,N/A
14.999999999999963,Pressure Outlet,N/A,792897.4,9.129090125673672,N/A
15.099999999999962,Pressurant Tank,3.5576299685437367,2477673.6344077224,35.57629968543736,239.9753598139131
15.099999999999962,Pipe,N/A,N/A,N/A,N/A
15.099999999999962,Pressure Outlet,N/A,792897.4,9.129090125673672,N/A
15.199999999999962,Pressurant Tank,3.5481626316430415,2467953.7983507984,35.481626316430415,239.68747820802517
15.199999999999962,Pipe,N/A,N/A,N/A,N/A
15.199999999999962,Pressure Outlet,N/A,792897.4,9.129090125673672,N/A
15.299999999999962,Pressurant Tank,3.5387352887817207,2458287.704462323,35.38735288781721,239.40036318356772
15.299999999999962,Pipe,N/A,N/A,N/A,N/A
15.299999999999962,Pressure Outlet,N/A,792897.4,9.129090125673672,N/A
15.399999999999961,Pressurant Tank,3.529347758246383,2448675.020792273,35.29347758246383,239.11401326631037
15.399999999999961,Pipe,N/A,N/A,N/A,N/A
15.399999999999961,Pressure Outlet,N/A,792897.4,9.129090125673672,N/A
15.499999999999961,Pressurant Tank,3.519999859333775,2439115.4177525,35.199998593337746,238.8284269849147
15.499999999999961,Pipe,N/A,N/A,N/A,N/A
15.499999999999961,Pressure Outlet,N/A,792897.4,9.129090125673672,N/A
15.59999999999996,Pressurant Tank,3.5106914123445074,2429608.568098139,35.10691412344507,238.54360287095164
15.59999999999996,Pipe,N/A,N/A,N/A,N/A
15.59999999999996,Pressure Outlet,N/A,792897.4,9.129090125673672,N/A
15.69999999999996,Pressurant Tank,3.5014222385768248,2420154.146909171,35.01422238576824,238.25953945891828
15.69999999999996,Pipe,N/A,N/A,N/A,N/A
15.69999999999996,Pressure Outlet,N/A,792897.4,9.129090125673672,N/A
15.79999999999996,Pressurant Tank,3.4921921603204193,2410751.8315721545,34.92192160320419,237.97623528625408
15.79999999999996,Pipe,N/A,N/A,N/A,N/A
15.79999999999996,Pressure Outlet,N/A,792897.4,9.129090125673672,N/A
15.89999999999996,Pressurant Tank,3.483001000850291,2401401.3017621115,34.83001000850291,237.6936888933575
15.89999999999996,Pipe,N/A,N/A,N/A,N/A
15.89999999999996,Pressure Outlet,N/A,792897.4,9.129090125673672,N/A
15.99999999999996,Pressurant Tank,3.4738485844206495,2392102.2394245714,34.738485844206494,237.41189882360143
15.99999999999996,Pipe,N/A,N/A,N/A,N/A
15.99999999999996,Pressure Outlet,N/A,792897.4,9.129090125673672,N/A
16.09999999999996,Pressurant Tank,3.4647347362588574,2382854.3287577704,34.64734736258857,237.13086362334914
16.09999999999996,Pipe,N/A,N/A,N/A,N/A
16.09999999999996,Pressure Outlet,N/A,792897.4,9.129090125673672,N/A
16.19999999999996,Pressurant Tank,3.4556592825594232,2373657.2561950115,34.55659282559423,236.85058184196907
16.19999999999996,Pipe,N/A,N/A,N/A,N/A
16.19999999999996,Pressure Outlet,N/A,792897.4,9.129090125673672,N/A
16.29999999999996,Pressurant Tank,3.4466220504780294,2364510.710387165,34.46622050478029,236.57105203184963
16.29999999999996,Pipe,N/A,N/A,N/A,N/A
16.29999999999996,Pressure Outlet,N/A,792897.4,9.129090125673672,N/A
16.399999999999963,Pressurant Tank,3.437622868125607,2355414.3821853353,34.376228681256066,236.2922727484142
16.399999999999963,Pipe,N/A,N/A,N/A,N/A
16.399999999999963,Pressure Outlet,N/A,792897.4,9.129090125673672,N/A
16.499999999999964,Pressurant Tank,3.4286615645624536,2346367.964623667,34.286615645624536,236.01424255013487
16.499999999999964,Pipe,N/A,N/A,N/A,N/A
16.499999999999964,Pressure Outlet,N/A,792897.4,9.129090125673672,N/A
16.599999999999966,Pressurant Tank,3.4197379697923878,2337371.1529023037,34.19737969792388,235.73695999854655
16.599999999999966,Pipe,N/A,N/A,N/A,N/A
16.599999999999966,Pressure Outlet,N/A,792897.4,9.129090125673672,N/A
16.699999999999967,Pressurant Tank,3.4108519147569503,2328423.6443704977,34.1085191475695,235.46042365826062
16.699999999999967,Pipe,N/A,N/A,N/A,N/A
16.699999999999967,Pressure Outlet,N/A,792897.4,9.129090125673672,N/A
16.79999999999997,Pressurant Tank,3.402003231329643,2319525.1385098575,34.020032313296426,235.1846320969781
16.79999999999997,Pipe,N/A,N/A,N/A,N/A
16.79999999999997,Pressure Outlet,N/A,792897.4,9.129090125673672,N/A
16.89999999999997,Pressurant Tank,3.393191752310211,2310675.336917751,33.93191752310211,234.90958388550283
16.89999999999997,Pipe,N/A,N/A,N/A,N/A
16.89999999999997,Pressure Outlet,N/A,792897.4,9.129090125673672,N/A
16.99999999999997,Pressurant Tank,3.3844173114189617,2301873.9432908385,33.844173114189616,234.63527759775386
16.99999999999997,Pipe,N/A,N/A,N/A,N/A
16.99999999999997,Pressure Outlet,N/A,792897.4,9.129090125673672,N/A
17.099999999999973,Pressurant Tank,3.375679743291129,2293120.663408761,33.756797432911284,234.36171181077836
17.099999999999973,Pipe,N/A,N/A,N/A,N/A
17.099999999999973,Pressure Outlet,N/A,792897.4,9.129090125673672,N/A
17.199999999999974,Pressurant Tank,3.366978883471272,2284415.205117961,33.66978883471272,234.08888510476322
17.199999999999974,Pipe,N/A,N/A,N/A,N/A
17.199999999999974,Pressure Outlet,N/A,792897.4,9.129090125673672,N/A
17.299999999999976,Pressurant Tank,3.358314568407718,2275757.2783156433,33.583145684077174,233.81679606304746
17.299999999999976,Pipe,N/A,N/A,N/A,N/A
17.299999999999976,Pressure Outlet,N/A,792897.4,9.129090125673672,N/A
17.399999999999977,Pressurant Tank,3.3496866354470387,2267146.5949338777,33.496866354470384,233.54544327213313
17.399999999999977,Pipe,N/A,N/A,N/A,N/A
17.399999999999977,Pressure Outlet,N/A,792897.4,9.129090125673672,N/A
17.49999999999998,Pressurant Tank,3.341094922828573,2258582.8689238345,33.41094922828573,233.2748253216972
17.49999999999998,Pipe,N/A,N/A,N/A,N/A
17.49999999999998,Pressure Outlet,N/A,792897.4,9.129090125673672,N/A
17.59999999999998,Pressurant Tank,3.332539269678982,2250065.8162401565,33.32539269678982,233.0049408046023
17.59999999999998,Pipe,N/A,N/A,N/A,N/A
17.59999999999998,Pressure Outlet,N/A,792897.4,9.129090125673672,N/A
17.69999999999998,Pressurant Tank,3.3240195160068446,2241595.154825467,33.240195160068446,232.73578831690753
17.69999999999998,Pipe,N/A,N/A,N/A,N/A
17.69999999999998,Pressure Outlet,N/A,792897.4,9.129090125673672,N/A
17.799999999999983,Pressurant Tank,3.315535502697293,2233170.6045950092,33.15535502697293,232.46736645787905
17.799999999999983,Pipe,N/A,N/A,N/A,N/A
17.799999999999983,Pressure Outlet,N/A,792897.4,9.129090125673672,N/A
17.899999999999984,Pressurant Tank,3.3070870715066802,2224791.8874214157,33.0708707150668,232.19967383000014
17.899999999999984,Pipe,N/A,N/A,N/A,N/A
17.899999999999984,Pressure Outlet,N/A,792897.4,9.129090125673672,N/A
17.999999999999986,Pressurant Tank,3.298674065057293,2216458.727119611,32.986740650572926,231.9327090389812
17.999999999999986,Pipe,N/A,N/A,N/A,N/A
17.999999999999986,Pressure Outlet,N/A,792897.4,9.129090125673672,N/A
18.099999999999987,Pressurant Tank,3.290296326832095,2208170.8494318454,32.902963268320946,231.66647069376972
18.099999999999987,Pipe,N/A,N/A,N/A,N/A
18.099999999999987,Pressure Outlet,N/A,792897.4,9.129090125673672,N/A
18.19999999999999,Pressurant Tank,3.281953701169509,2199927.982012846,32.81953701169508,231.40095740655934
18.19999999999999,Pipe,N/A,N/A,N/A,N/A
18.19999999999999,Pressure Outlet,N/A,792897.4,9.129090125673672,N/A
18.29999999999999,Pressurant Tank,3.2736460332582378,2191729.8544151126,32.736460332582375,231.13616779279957
18.29999999999999,Pipe,N/A,N/A,N/A,N/A
18.29999999999999,Pressure Outlet,N/A,792897.4,9.129090125673672,N/A
18.39999999999999,Pressurant Tank,3.265373169132119,2183576.198074321,32.653731691321184,230.8721004712043
18.39999999999999,Pipe,N/A,N/A,N/A,N/A
18.39999999999999,Pressure Outlet,N/A,792897.4,9.129090125673672,N/A
18.499999999999993,Pressurant Tank,3.257134955665015,2175466.7462948626,32.57134955665015,230.6087540637608
18.499999999999993,Pipe,N/A,N/A,N/A,N/A
18.499999999999993,Pressure Outlet,N/A,792897.4,9.129090125673672,N/A
18.599999999999994,Pressurant Tank,3.2489312405657413,2167401.234235502,32.48931240565741,230.3461271957382
18.599999999999994,Pipe,N/A,N/A,N/A,N/A
18.599999999999994,Pressure Outlet,N/A,792897.4,9.129090125673672,N/A
18.699999999999996,Pressurant Tank,3.2407618723730294,2159379.398895162,32.407618723730295,230.08421849569584
18.699999999999996,Pipe,N/A,N/A,N/A,N/A
18.699999999999996,Pressure Outlet,N/A,792897.4,9.129090125673672,N/A
18.799999999999997,Pressurant Tank,3.2326267004505227,2151400.979098821,32.326267004505226,229.823026595491
18.799999999999997,Pipe,N/A,N/A,N/A,N/A
18.799999999999997,Pressure Outlet,N/A,792897.4,9.129090125673672,N/A
18.9,Pressurant Tank,3.2245255749818105,2143465.715483539,32.2452557498181,229.56255013028695
18.9,Pipe,N/A,N/A,N/A,N/A
18.9,Pressure Outlet,N/A,792897.4,9.129090125673672,N/A
19.0,Pressurant Tank,3.216458346965494,2135573.350484598,32.164583469654936,229.30278773856082
19.0,Pipe,N/A,N/A,N/A,N/A
19.0,Pressure Outlet,N/A,792897.4,9.129090125673672,N/A
19.1,Pressurant Tank,3.208424868210289,2127723.6283217613,32.08424868210289,229.04373806211035
19.1,Pipe,N/A,N/A,N/A,N/A
19.1,Pressure Outlet,N/A,792897.4,9.129090125673672,N/A
19.200000000000003,Pressurant Tank,3.2004249913301597,2119916.294985647,32.00424991330159,228.78539974606133
19.200000000000003,Pipe,N/A,N/A,N/A,N/A
19.200000000000003,Pressure Outlet,N/A,792897.4,9.129090125673672,N/A
19.300000000000004,Pressurant Tank,3.1924585697394896,2112151.0982242236,31.924585697394896,228.5277714388749
19.300000000000004,Pipe,N/A,N/A,N/A,N/A
19.300000000000004,Pressure Outlet,N/A,792897.4,9.129090125673672,N/A
19.400000000000006,Pressurant Tank,3.1845254576482835,2104427.787529411,31.845254576482834,228.27085179235348
19.400000000000006,Pipe,N/A,N/A,N/A,N/A
19.400000000000006,Pressure Outlet,N/A,792897.4,9.129090125673672,N/A
19.500000000000007,Pressurant Tank,3.176625510057404,2096746.114123803,31.76625510057404,228.01463946164816
19.500000000000007,Pipe,N/A,N/A,N/A,N/A
19.500000000000007,Pressure Outlet,N/A,792897.4,9.129090125673672,N/A
19.60000000000001,Pressurant Tank,3.1687585827538403,2089105.8309474983,31.687585827538403,227.7591331052643
19.60000000000001,Pipe,N/A,N/A,N/A,N/A
19.60000000000001,Pressure Outlet,N/A,792897.4,9.129090125673672,N/A
19.70000000000001,Pressurant Tank,3.160924532306011,2081506.692645042,31.609245323060108,227.50433138506807
19.70000000000001,Pipe,N/A,N/A,N/A,N/A
19.70000000000001,Pressure Outlet,N/A,792897.4,9.129090125673672,N/A
19.80000000000001,Pressurant Tank,3.153123216059098,2073948.4555524809,31.531232160590978,227.25023296629206
19.80000000000001,Pipe,N/A,N/A,N/A,N/A
19.80000000000001,Pressure Outlet,N/A,792897.4,9.129090125673672,N/A
19.900000000000013,Pressurant Tank,3.145354492130414,2066430.8776845252,31.45354492130414,226.99683651754134
19.900000000000013,Pipe,N/A,N/A,N/A,N/A
19.900000000000013,Pressure Outlet,N/A,792897.4,9.129090125673672,N/A
20.000000000000014,Pressurant Tank,3.1376182194048003,2058953.7187218189,31.376182194048003,226.74414071079855
20.000000000000014,Pipe,N/A,N/A,N/A,N/A
20.000000000000014,Pressure Outlet,N/A,792897.4,9.129090125673672,N/A
20.100000000000016,Pressurant Tank,3.12991425753006,2051516.7399983204,31.299142575300596,226.49214422142947
20.100000000000016,Pipe,N/A,N/A,N/A,N/A
20.100000000000016,Pressure Outlet,N/A,792897.4,9.129090125673672,N/A
20.200000000000017,Pressurant Tank,3.1222424669124167,2044119.704488784,31.222424669124166,226.24084572818825
20.200000000000017,Pipe,N/A,N/A,N/A,N/A
20.200000000000017,Pressure Outlet,N/A,792897.4,9.129090125673672,N/A
20.30000000000002,Pressurant Tank,3.1146027087120114,2036762.3767963531,31.146027087120114,225.99024391322203
20.30000000000002,Pipe,N/A,N/A,N/A,N/A
20.30000000000002,Pressure Outlet,N/A,792897.4,9.129090125673672,N/A
20.40000000000002,Pressurant Tank,3.1069948448384253,2029444.5231402519,31.069948448384253,225.7403374620758
20.40000000000002,Pipe,N/A,N/A,N/A,N/A
20.40000000000002,Pressure Outlet,N/A,792897.4,9.129090125673672,N/A
20.50000000000002,Pressurant Tank,3.0994187379462366,2022165.911343586,30.994187379462364,225.49112506369727
20.50000000000002,Pipe,N/A,N/A,N/A,N/A
20.50000000000002,Pressure Outlet,N/A,792897.4,9.129090125673672,N/A
20.600000000000023,Pressurant Tank,3.0918742514306055,2014926.3108212415,30.918742514306054,225.24260541044097
20.600000000000023,Pipe,N/A,N/A,N/A,N/A
20.600000000000023,Pressure Outlet,N/A,792897.4,9.129090125673672,N/A
20.700000000000024,Pressurant Tank,3.0843612494228916,2007725.4925678864,30.843612494228914,224.9947771980723
20.700000000000024,Pipe,N/A,N/A,N/A,N/A
20.700000000000024,Pressure Outlet,N/A,792897.4,9.129090125673672,N/A
20.800000000000026,Pressurant Tank,3.076879596786301,2000563.2291460754,30.76879596786301,224.7476391257722
20.800000000000026,Pipe,N/A,N/A,N/A,N/A
20.800000000000026,Pressure Outlet,N/A,792897.4,9.129090125673672,N/A
20.900000000000027,Pressurant Tank,3.069429159111562,1993439.29467445,30.69429159111562,224.50118989614026
20.900000000000027,Pipe,N/A,N/A,N/A,N/A
20.900000000000027,Pressure Outlet,N/A,792897.4,9.129090125673672,N/A
21.00000000000003,Pressurant Tank,3.062009802712632,1986353.4648160418,30.62009802712632,224.255428215199
21.00000000000003,Pipe,N/A,N/A,N/A,N/A
21.00000000000003,Pressure Outlet,N/A,792897.4,9.129090125673672,N/A
21.10000000000003,Pressurant Tank,3.0546213946224334,1979305.5167666688,30.546213946224334,224.010352792397
21.10000000000003,Pipe,N/A,N/A,N/A,N/A
21.10000000000003,Pressure Outlet,N/A,792897.4,9.129090125673672,N/A
21.20000000000003,Pressurant Tank,3.0472638025886183,1972295.2292434354,30.47263802588618,223.76596234061253
21.20000000000003,Pipe,N/A,N/A,N/A,N/A
21.20000000000003,Pressure Outlet,N/A,792897.4,9.129090125673672,N/A
21.300000000000033,Pressurant Tank,3.039936895069363,1965322.3824733228,30.399368950693628,223.52225557615685
21.300000000000033,Pipe,N/A,N/A,N/A,N/A
21.300000000000033,Pressure Outlet,N/A,792897.4,9.129090125673672,N/A
21.400000000000034,Pressurant Tank,3.032640541229192,1958386.7581818765,30.32640541229192,223.27923121877683
21.400000000000034,Pipe,N/A,N/A,N/A,N/A
21.400000000000034,Pressure Outlet,N/A,792897.4,9.129090125673672,N/A
21.500000000000036,Pressurant Tank,3.025374610934827,1951488.1395819876,30.253746109348267,223.0368879916581
21.500000000000036,Pipe,N/A,N/A,N/A,N/A
21.500000000000036,Pressure Outlet,N/A,792897.4,9.129090125673672,N/A
21.600000000000037,Pressurant Tank,3.0181389747510696,1944626.3113627718,30.181389747510696,222.79522462142802
21.600000000000037,Pipe,N/A,N/A,N/A,N/A
21.600000000000037,Pressure Outlet,N/A,792897.4,9.129090125673672,N/A
21.70000000000004,Pressurant Tank,3.010933503936708,1937801.0596785329,30.10933503936708,222.5542398381576
21.70000000000004,Pipe,N/A,N/A,N/A,N/A
21.70000000000004,Pressure Outlet,N/A,792897.4,9.129090125673672,N/A
21.80000000000004,Pressurant Tank,3.003758070440453,1931012.1721378278,30.03758070440453,222.31393237536483
21.80000000000004,Pipe,N/A,N/A,N/A,N/A
21.80000000000004,Pressure Outlet,N/A,792897.4,9.129090125673672,N/A
21.90000000000004,Pressurant Tank,2.9966125468969023,1924259.437792614,29.96612546896902,222.0743009700161
21.90000000000004,Pipe,N/A,N/A,N/A,N/A
21.90000000000004,Pressure Outlet,N/A,792897.4,9.129090125673672,N/A
22.000000000000043,Pressurant Tank,2.989496806622532,1917542.647127493,29.894968066225317,221.83534436252873
22.000000000000043,Pipe,N/A,N/A,N/A,N/A
22.000000000000043,Pressure Outlet,N/A,792897.4,9.129090125673672,N/A
22.100000000000044,Pressurant Tank,2.9824107236117148,1910861.5920490413,29.824107236117147,221.5970612967731
22.100000000000044,Pipe,N/A,N/A,N/A,N/A
22.100000000000044,Pressure Outlet,N/A,792897.4,9.129090125673672,N/A
22.200000000000045,Pressurant Tank,2.975354172532767,1904216.0658752285,29.75354172532767,221.35945052007412
22.200000000000045,Pipe,N/A,N/A,N/A,N/A
22.200000000000045,Pressure Outlet,N/A,792897.4,9.129090125673672,N/A
22.300000000000047,Pressurant Tank,2.9683270287240195,1897605.8633249258,29.683270287240195,221.12251078321313
22.300000000000047,Pipe,N/A,N/A,N/A,N/A
22.300000000000047,Pressure Outlet,N/A,792897.4,9.129090125673672,N/A
22.40000000000005,Pressurant Tank,2.961329168189919,1891030.7805074994,29.613291681899188,220.8862408404296
22.40000000000005,Pipe,N/A,N/A,N/A,N/A
22.40000000000005,Pressure Outlet,N/A,792897.4,9.129090125673672,N/A
22.50000000000005,Pressurant Tank,2.954360467597153,1884490.6149124922,29.543604675971526,220.65063944942227
22.50000000000005,Pipe,N/A,N/A,N/A,N/A
22.50000000000005,Pressure Outlet,N/A,792897.4,9.129090125673672,N/A
22.60000000000005,Pressurant Tank,2.9474208042708026,1877985.1653993886,29.474208042708025,220.41570537135067
22.60000000000005,Pipe,N/A,N/A,N/A,N/A
22.60000000000005,Pressure Outlet,N/A,792897.4,9.129090125673672,N/A
22.700000000000053,Pressurant Tank,2.9405100561905213,1871514.232187465,29.40510056190521,220.18143737083622
22.700000000000053,Pipe,N/A,N/A,N/A,N/A
22.700000000000053,Pressure Outlet,N/A,792897.4,9.129090125673672,N/A
22.800000000000054,Pressurant Tank,2.9336281019867387,1865077.616845725,29.336281019867386,219.94783421596307
22.800000000000054,Pipe,N/A,N/A,N/A,N/A
22.800000000000054,Pressure Outlet,N/A,792897.4,9.129090125673672,N/A
22.900000000000055,Pressurant Tank,2.9267748209368913,1858675.1222829167,29.26774820936891,219.7148946782793
22.900000000000055,Pipe,N/A,N/A,N/A,N/A
22.900000000000055,Pressure Outlet,N/A,792897.4,9.129090125673672,N/A
23.000000000000057,Pressurant Tank,2.9199500929616784,1852306.5527376332,29.199500929616782,219.4826175327974
23.000000000000057,Pipe,N/A,N/A,N/A,N/A
23.000000000000057,Pressure Outlet,N/A,792897.4,9.129090125673672,N/A
23.10000000000006,Pressurant Tank,2.9131537986213427,1845971.7137684943,29.131537986213427,219.2510015579954
23.10000000000006,Pipe,N/A,N/A,N/A,N/A
23.10000000000006,Pressure Outlet,N/A,792897.4,9.129090125673672,N/A
23.20000000000006,Pressurant Tank,2.9063858191119767,1839670.412244408,29.063858191119767,219.0200455358167
23.20000000000006,Pipe,N/A,N/A,N/A,N/A
23.20000000000006,Pressure Outlet,N/A,792897.4,9.129090125673672,N/A
23.30000000000006,Pressurant Tank,2.899646036261854,1833402.456334914,28.99646036261854,218.78974825167097
23.30000000000006,Pipe,N/A,N/A,N/A,N/A
23.30000000000006,Pressure Outlet,N/A,792897.4,9.129090125673672,N/A
23.400000000000063,Pressurant Tank,2.8929343325277865,1827167.6555006087,28.929343325277863,218.56010849443436
23.400000000000063,Pipe,N/A,N/A,N/A,N/A
23.400000000000063,Pressure Outlet,N/A,792897.4,9.129090125673672,N/A
23.500000000000064,Pressurant Tank,2.8862505909915033,1820965.820483643,28.862505909915033,218.33112505644948
23.500000000000064,Pipe,N/A,N/A,N/A,N/A
23.500000000000064,Pressure Outlet,N/A,792897.4,9.129090125673672,N/A
23.600000000000065,Pressurant Tank,2.879594695356057,1814796.763298302,28.79594695356057,218.10279673352576
23.600000000000065,Pipe,N/A,N/A,N/A,N/A
23.600000000000065,Pressure Outlet,N/A,792897.4,9.129090125673672,N/A
23.700000000000067,Pressurant Tank,2.8729665299422535,1808660.2972216639,28.729665299422535,217.87512232493904
23.700000000000067,Pipe,N/A,N/A,N/A,N/A
23.700000000000067,Pressure Outlet,N/A,792897.4,9.129090125673672,N/A
23.800000000000068,Pressurant Tank,2.866365979685104,1802556.2367843308,28.66365979685104,217.6481006334315
23.800000000000068,Pipe,N/A,N/A,N/A,N/A
23.800000000000068,Pressure Outlet,N/A,792897.4,9.129090125673672,N/A
23.90000000000007,Pressurant Tank,2.859792930130304,1796484.3977612406,28.59792930130304,217.4217304652117
23.90000000000007,Pipe,N/A,N/A,N/A,N/A
23.90000000000007,Pressure Outlet,N/A,792897.4,9.129090125673672,N/A
24.00000000000007,Pressurant Tank,2.8532472674307336,1790444.5971625496,28.532472674307336,217.1960106299536
24.00000000000007,Pipe,N/A,N/A,N/A,N/A
24.00000000000007,Pressure Outlet,N/A,792897.4,9.129090125673672,N/A
24.100000000000072,Pressurant Tank,2.846728878342982,1784436.653224593,28.46728878342982,216.97093994079654
24.100000000000072,Pipe,N/A,N/A,N/A,N/A
24.100000000000072,Pressure Outlet,N/A,792897.4,9.129090125673672,N/A
24.200000000000074,Pressurant Tank,2.8402376502238966,1778460.3854009183,28.402376502238965,216.74651721434438
24.200000000000074,Pipe,N/A,N/A,N/A,N/A
24.200000000000074,Pressure Outlet,N/A,792897.4,9.129090125673672,N/A
24.300000000000075,Pressurant Tank,2.833773471027153,1772515.6143533913,28.33773471027153,216.52274127066488
24.300000000000075,Pipe,N/A,N/A,N/A,N/A
24.300000000000075,Pressure Outlet,N/A,792897.4,9.129090125673672,N/A
24.400000000000077,Pressurant Tank,2.827336229299851,1766602.1619433772,28.27336229299851,216.2996109332889
24.400000000000077,Pipe,N/A,N/A,N/A,N/A
24.400000000000077,Pressure Outlet,N/A,792897.4,9.129090125673672,N/A
24.500000000000078,Pressurant Tank,2.8209258141791294,1760719.85122299,28.20925814179129,216.0771250292093
24.500000000000078,Pipe,N/A,N/A,N/A,N/A
24.500000000000078,Pressure Outlet,N/A,792897.4,9.129090125673672,N/A
24.60000000000008,Pressurant Tank,2.814542115388808,1754868.5064264177,28.14542115388808,215.85528238888008
24.60000000000008,Pipe,N/A,N/A,N/A,N/A
24.60000000000008,Pressure Outlet,N/A,792897.4,9.129090125673672,N/A
24.70000000000008,Pressurant Tank,2.8081850232360495,1749047.9529613133,28.081850232360495,215.63408184621537
24.70000000000008,Pipe,N/A,N/A,N/A,N/A
24.70000000000008,Pressure Outlet,N/A,792897.4,9.129090125673672,N/A
24.800000000000082,Pressurant Tank,2.8018544286080433,1743258.0174002615,28.01854428608043,215.41352223858797
24.800000000000082,Pipe,N/A,N/A,N/A,N/A
24.800000000000082,Pressure Outlet,N/A,792897.4,9.129090125673672,N/A
24.900000000000084,Pressurant Tank,2.795550222968714,1737498.5274723114,27.95550222968714,215.19360240682826
24.900000000000084,Pipe,N/A,N/A,N/A,N/A
24.900000000000084,Pressure Outlet,N/A,792897.4,9.129090125673672,N/A
25.000000000000085,Pressurant Tank,2.789272298355449,1731769.3120545757,27.892722983554492,214.97432119522253
25.000000000000085,Pipe,N/A,N/A,N/A,N/A
25.000000000000085,Pressure Outlet,N/A,792897.4,9.129090125673672,N/A
25.100000000000087,Pressurant Tank,2.783020547375851,1726070.2011639061,27.830205473758507,214.75567745151176
25.100000000000087,Pipe,N/A,N/A,N/A,N/A
25.100000000000087,Pressure Outlet,N/A,792897.4,9.129090125673672,N/A
25.200000000000088,Pressurant Tank,2.7767948632045085,1720401.0259486292,27.767948632045083,214.5376700268899
25.200000000000088,Pipe,N/A,N/A,N/A,N/A
25.200000000000088,Pressure Outlet,N/A,792897.4,9.129090125673672,N/A
25.30000000000009,Pressurant Tank,2.7705951395797923,1714761.6186803519,27.70595139579792,214.3202977760022
25.30000000000009,Pipe,N/A,N/A,N/A,N/A
25.30000000000009,Pressure Outlet,N/A,792897.4,9.129090125673672,N/A
25.40000000000009,Pressurant Tank,2.76442127080067,1709151.8127458338,27.644212708006698,214.10355955694354
25.40000000000009,Pipe,N/A,N/A,N/A,N/A
25.40000000000009,Pressure Outlet,N/A,792897.4,9.129090125673672,N/A
25.500000000000092,Pressurant Tank,2.758273151723542,1703571.4426389246,27.58273151723542,213.88745423125633
25.500000000000092,Pipe,N/A,N/A,N/A,N/A
25.500000000000092,Pressure Outlet,N/A,792897.4,9.129090125673672,N/A
25.600000000000094,Pressurant Tank,2.7521506777591016,1698020.3439525682,27.521506777591014,213.67198066392896
25.600000000000094,Pipe,N/A,N/A,N/A,N/A
25.600000000000094,Pressure Outlet,N/A,792897.4,9.129090125673672,N/A
25.700000000000095,Pressurant Tank,2.746053744869211,1692498.35337087,27.460537448692108,213.45713772339337
25.700000000000095,Pipe,N/A,N/A,N/A,N/A
25.700000000000095,Pressure Outlet,N/A,792897.4,9.129090125673672,N/A
25.800000000000097,Pressurant Tank,2.739982249563804,1687005.30866123,27.39982249563804,213.24292428152327
25.800000000000097,Pipe,N/A,N/A,N/A,N/A
25.800000000000097,Pressure Outlet,N/A,792897.4,9.129090125673672,N/A
25.900000000000098,Pressurant Tank,2.7339360888978055,1681541.048666538,27.339360888978053,213.02933921363189
25.900000000000098,Pipe,N/A,N/A,N/A,N/A
25.900000000000098,Pressure Outlet,N/A,792897.4,9.129090125673672,N/A
26.0000000000001,Pressurant Tank,2.72791516046807,1676105.4132974327,27.279151604680695,212.8163813984696
26.0000000000001,Pipe,N/A,N/A,N/A,N/A
26.0000000000001,Pressure Outlet,N/A,792897.4,9.129090125673672,N/A
26.1000000000001,Pressurant Tank,2.721919362410345,1670698.2435246236,27.21919362410345,212.6040497182215
26.1000000000001,Pipe,N/A,N/A,N/A,N/A
26.1000000000001,Pressure Outlet,N/A,792897.4,9.129090125673672,N/A
26.200000000000102,Pressurant Tank,2.715948593396253,1665319.381371274,27.15948593396253,212.3923430585054
26.200000000000102,Pipe,N/A,N/A,N/A,N/A
26.200000000000102,Pressure Outlet,N/A,792897.4,9.129090125673672,N/A
26.300000000000104,Pressurant Tank,2.710002752630291,1659968.6699054462,27.100027526302906,212.18126030836888
26.300000000000104,Pipe,N/A,N/A,N/A,N/A
26.300000000000104,Pressure Outlet,N/A,792897.4,9.129090125673672,N/A
26.400000000000105,Pressurant Tank,2.704081739846852,1654645.9532326087,27.04081739846852,211.97080036028694
26.400000000000105,Pipe,N/A,N/A,N/A,N/A
26.400000000000105,Pressure Outlet,N/A,792897.4,9.129090125673672,N/A
26.500000000000107,Pressurant Tank,2.6981854553072684,1649351.0764882003,26.981854553072683,211.76096211015943
26.500000000000107,Pipe,N/A,N/A,N/A,N/A
26.500000000000107,Pressure Outlet,N/A,792897.4,9.129090125673672,N/A
26.600000000000108,Pressurant Tank,2.6923137997968687,1644083.8858302564,26.923137997968684,211.55174445730808
26.600000000000108,Pipe,N/A,N/A,N/A,N/A
26.600000000000108,Pressure Outlet,N/A,792897.4,9.129090125673672,N/A
26.70000000000011,Pressurant Tank,2.686466674622061,1638844.2284320968,26.86466674622061,211.34314630447398
26.70000000000011,Pipe,N/A,N/A,N/A,N/A
26.70000000000011,Pressure Outlet,N/A,792897.4,9.129090125673672,N/A
26.80000000000011,Pressurant Tank,2.6806439816074317,1633631.9524750675,26.806439816074317,211.1351665578145
26.80000000000011,Pipe,N/A,N/A,N/A,N/A
26.80000000000011,Pressure Outlet,N/A,792897.4,9.129090125673672,N/A
26.900000000000112,Pressurant Tank,2.6748456230928634,1628446.9071413446,26.748456230928632,210.92780412690064
26.900000000000112,Pipe,N/A,N/A,N/A,N/A
26.900000000000112,Pressure Outlet,N/A,792897.4,9.129090125673672,N/A
27.000000000000114,Pressurant Tank,2.6690715019306728,1623288.9426067946,26.690715019306726,210.72105792471373
27.000000000000114,Pipe,N/A,N/A,N/A,N/A
27.000000000000114,Pressure Outlet,N/A,792897.4,9.129090125673672,N/A
27.100000000000115,Pressurant Tank,2.663321521482768,1618157.9100338912,26.63321521482768,210.5149268676426
27.100000000000115,Pipe,N/A,N/A,N/A,N/A
27.100000000000115,Pressure Outlet,N/A,792897.4,9.129090125673672,N/A
27.200000000000117,Pressurant Tank,2.657595585617823,1613053.6615646898,26.575955856178226,210.3094098754803
27.200000000000117,Pipe,N/A,N/A,N/A,N/A
27.200000000000117,Pressure Outlet,N/A,792897.4,9.129090125673672,N/A
27.300000000000118,Pressurant Tank,2.651893598708473,1607976.0503138604,26.518935987084728,210.10450587142108
27.300000000000118,Pipe,N/A,N/A,N/A,N/A
27.300000000000118,Pressure Outlet,N/A,792897.4,9.129090125673672,N/A
27.40000000000012,Pressurant Tank,2.646215465628526,1602924.9303617713,26.46215465628526,209.90021378205697
27.40000000000012,Pipe,N/A,N/A,N/A,N/A
27.40000000000012,Pressure Outlet,N/A,792897.4,9.129090125673672,N/A
27.50000000000012,Pressurant Tank,2.640561091750195,1597900.1567476327,26.40561091750195,209.69653253737462
27.50000000000012,Pipe,N/A,N/A,N/A,N/A
27.50000000000012,Pressure Outlet,N/A,792897.4,9.129090125673672,N/A
27.600000000000122,Pressurant Tank,2.6349303829413446,1592901.5854626922,26.349303829413444,209.4934610707517
27.600000000000122,Pipe,N/A,N/A,N/A,N/A
27.600000000000122,Pressure Outlet,N/A,792897.4,9.129090125673672,N/A
27.700000000000124,Pressurant Tank,2.6293232455627615,1587929.0734434878,26.293232455627614,209.29099831895377
27.700000000000124,Pipe,N/A,N/A,N/A,N/A
27.700000000000124,Pressure Outlet,N/A,792897.4,9.129090125673672,N/A
27.800000000000125,Pressurant Tank,2.6237395864654385,1582982.4785651518,26.237395864654385,209.0891432221306
27.800000000000125,Pipe,N/A,N/A,N/A,N/A
27.800000000000125,Pressure Outlet,N/A,792897.4,9.129090125673672,N/A
27.900000000000126,Pressurant Tank,2.6181793129878774,1578061.6596347687,26.181793129878773,208.88789472381262
27.900000000000126,Pipe,N/A,N/A,N/A,N/A
27.900000000000126,Pressure Outlet,N/A,792897.4,9.129090125673672,N/A
28.000000000000128,Pressurant Tank,2.6126423329534103,1573166.4763847878,26.126423329534102,208.6872517709073
28.000000000000128,Pipe,N/A,N/A,N/A,N/A
28.000000000000128,Pressure Outlet,N/A,792897.4,9.129090125673672,N/A
28.10000000000013,Pressurant Tank,2.607128554667538,1568296.789466486,26.07128554667538,208.4872133136956
28.10000000000013,Pipe,N/A,N/A,N/A,N/A
28.10000000000013,Pressure Outlet,N/A,792897.4,9.129090125673672,N/A
28.20000000000013,Pressurant Tank,2.6016378869152863,1563452.4604434848,26.016378869152863,208.28777830582808
28.20000000000013,Pipe,N/A,N/A,N/A,N/A
28.20000000000013,Pressure Outlet,N/A,792897.4,9.129090125673672,N/A
28.300000000000132,Pressurant Tank,2.5961702389585795,1558633.351785318,25.961702389585792,208.08894570432133
28.300000000000132,Pipe,N/A,N/A,N/A,N/A
28.300000000000132,Pressure Outlet,N/A,792897.4,9.129090125673672,N/A
28.400000000000134,Pressurant Tank,2.590725520533631,1553839.3268610507,25.907255205336305,207.89071446955404
28.400000000000134,Pipe,N/A,N/A,N/A,N/A
28.400000000000134,Pressure Outlet,N/A,792897.4,9.129090125673672,N/A
28.500000000000135,Pressurant Tank,2.58530364184835,1549070.2499329476,25.8530364184835,207.6930835652631
28.500000000000135,Pipe,N/A,N/A,N/A,N/A
28.500000000000135,Pressure Outlet,N/A,792897.4,9.129090125673672,N/A
28.600000000000136,Pressurant Tank,2.5799045135797694,1544325.9861501935,25.79904513579769,207.49605195853957
28.600000000000136,Pipe,N/A,N/A,N/A,N/A
28.600000000000136,Pressure Outlet,N/A,792897.4,9.129090125673672,N/A
28.700000000000138,Pressurant Tank,2.574528046871482,1539606.4015426643,25.74528046871482,207.299618619825
28.700000000000138,Pipe,N/A,N/A,N/A,N/A
28.700000000000138,Pressure Outlet,N/A,792897.4,9.129090125673672,N/A
28.80000000000014,Pressurant Tank,2.569174153331105,1534911.363014744,25.69174153331105,207.10378252290718
28.80000000000014,Pipe,N/A,N/A,N/A,N/A
28.80000000000014,Pressure Outlet,N/A,792897.4,9.129090125673672,N/A
28.90000000000014,Pressurant Tank,2.5638427450277503,1530240.7383391943,25.6384274502775,206.90854264491597
28.90000000000014,Pipe,N/A,N/A,N/A,N/A
28.90000000000014,Pressure Outlet,N/A,792897.4,9.129090125673672,N/A
29.000000000000142,Pressurant Tank,2.5585337344895183,1525594.3961510716,25.58533734489518,206.71389796631948
29.000000000000142,Pipe,N/A,N/A,N/A,N/A
29.000000000000142,Pressure Outlet,N/A,792897.4,9.129090125673672,N/A
29.100000000000144,Pressurant Tank,2.5532470347010054,1520972.205941692,25.532470347010054,206.5198474709197
29.100000000000144,Pipe,N/A,N/A,N/A,N/A
29.100000000000144,Pressure Outlet,N/A,792897.4,9.129090125673672,N/A
29.200000000000145,Pressurant Tank,2.5479825591008285,1516374.0380526416,25.479825591008282,206.32639014584817
29.200000000000145,Pipe,N/A,N/A,N/A,N/A
29.200000000000145,Pressure Outlet,N/A,792897.4,9.129090125673672,N/A
29.300000000000146,Pressurant Tank,2.5427402215791646,1511799.763669841,25.427402215791645,206.1335249815621
29.300000000000146,Pipe,N/A,N/A,N/A,N/A
29.300000000000146,Pressure Outlet,N/A,792897.4,9.129090125673672,N/A
29.400000000000148,Pressurant Tank,2.537519936475308,1507249.2548176488,25.37519936475308,205.94125097183957
29.400000000000148,Pipe,N/A,N/A,N/A,N/A
29.400000000000148,Pressure Outlet,N/A,792897.4,9.129090125673672,N/A
29.50000000000015,Pressurant Tank,2.532321618575242,1502722.3843530167,25.323216185752422,205.74956711377564
29.50000000000015,Pipe,N/A,N/A,N/A,N/A
29.50000000000015,Pressure Outlet,N/A,792897.4,9.129090125673672,N/A
29.60000000000015,Pressurant Tank,2.527145183109228,1498219.025959689,25.271451831092282,205.55847240777763
29.60000000000015,Pipe,N/A,N/A,N/A,N/A
29.60000000000015,Pressure Outlet,N/A,792897.4,9.129090125673672,N/A
29.700000000000152,Pressurant Tank,2.521990545749408,1493739.0541424477,25.21990545749408,205.36796585756088
29.700000000000152,Pipe,N/A,N/A,N/A,N/A
29.700000000000152,Pressure Outlet,N/A,792897.4,9.129090125673672,N/A
29.800000000000153,Pressurant Tank,2.516857622607426,1489282.344221405,25.168576226074258,205.1780464701442
29.800000000000153,Pipe,N/A,N/A,N/A,N/A
29.800000000000153,Pressure Outlet,N/A,792897.4,9.129090125673672,N/A
29.900000000000155,Pressurant Tank,2.511746330232061,1484848.7723263372,25.11746330232061,204.98871325584525
29.900000000000155,Pipe,N/A,N/A,N/A,N/A
29.900000000000155,Pressure Outlet,N/A,792897.4,9.129090125673672,N/A
30.000000000000156,Pressurant Tank,2.5066565856068794,1480438.2153910669,25.06656585606879,204.79996522827628
30.000000000000156,Pipe,N/A,N/A,N/A,N/A
30.000000000000156,Pressure Outlet,N/A,792897.4,9.129090125673672,N/A
30.100000000000158,Pressurant Tank,2.5015883061478994,1476050.5511478866,25.01588306147899,204.61180140433916
30.100000000000158,Pipe,N/A,N/A,N/A,N/A
30.100000000000158,Pressure Outlet,N/A,792897.4,9.129090125673672,N/A
30.20000000000016,Pressurant Tank,2.496541409701272,1471685.6581220282,24.96541409701272,204.42422080422116
30.20000000000016,Pipe,N/A,N/A,N/A,N/A
30.20000000000016,Pressure Outlet,N/A,792897.4,9.129090125673672,N/A
30.30000000000016,Pressurant Tank,2.491515814540978,1467343.4156261745,24.915158145409777,204.2372224513899
30.30000000000016,Pipe,N/A,N/A,N/A,N/A
30.30000000000016,Pressure Outlet,N/A,792897.4,9.129090125673672,N/A
30.400000000000162,Pressurant Tank,2.4865114393665366,1463023.7037550148,24.865114393665365,204.05080537258883
30.400000000000162,Pipe,N/A,N/A,N/A,N/A
30.400000000000162,Pressure Outlet,N/A,792897.4,9.129090125673672,N/A
30.500000000000163,Pressurant Tank,2.481528203300734,1458726.4033798424,24.81528203300734,203.86496859783261
30.500000000000163,Pipe,N/A,N/A,N/A,N/A
30.500000000000163,Pressure Outlet,N/A,792897.4,9.129090125673672,N/A
30.600000000000165,Pressurant Tank,2.476566025887362,1454451.396143196,24.76566025887362,203.67971116040198
30.600000000000165,Pipe,N/A,N/A,N/A,N/A
30.600000000000165,Pressure Outlet,N/A,792897.4,9.129090125673672,N/A
30.700000000000166,Pressurant Tank,2.471624827088974,1450198.5644535406,24.71624827088974,203.49503209683945
30.700000000000166,Pipe,N/A,N/A,N/A,N/A
30.700000000000166,Pressure Outlet,N/A,792897.4,9.129090125673672,N/A
30.800000000000168,Pressurant Tank,2.466704527284654,1445967.7914799931,24.66704527284654,203.31093044694398
30.800000000000168,Pipe,N/A,N/A,N/A,N/A
30.800000000000168,Pressure Outlet,N/A,792897.4,9.129090125673672,N/A
30.90000000000017,Pressurant Tank,2.461805047267802,1441758.9611470867,24.61805047267802,203.12740525376643
30.90000000000017,Pipe,N/A,N/A,N/A,N/A
30.90000000000017,Pressure Outlet,N/A,792897.4,9.129090125673672,N/A
31.00000000000017,Pressurant Tank,2.4569263082439305,1437571.9581295766,24.569263082439303,202.94445556360444
31.00000000000017,Pipe,N/A,N/A,N/A,N/A
31.00000000000017,Pressure Outlet,N/A,792897.4,9.129090125673672,N/A
31.100000000000172,Pressurant Tank,2.4520682318284797,1433406.6678472902,24.520682318284795,202.76208042599762
31.100000000000172,Pipe,N/A,N/A,N/A,N/A
31.100000000000172,Pressure Outlet,N/A,792897.4,9.129090125673672,N/A
31.200000000000173,Pressurant Tank,2.4472307400446422,1429262.9764600098,24.47230740044642,202.58027889372264
31.200000000000173,Pipe,N/A,N/A,N/A,N/A
31.200000000000173,Pressure Outlet,N/A,792897.4,9.129090125673672,N/A
31.300000000000175,Pressurant Tank,2.4424137553212053,1425140.7708624026,24.424137553212052,202.399050022788
31.300000000000175,Pipe,N/A,N/A,N/A,N/A
31.300000000000175,Pressure Outlet,N/A,792897.4,9.129090125673672,N/A
31.400000000000176,Pressurant Tank,2.437617200490406,1421039.9386789887,24.37617200490406,202.2183928724293
31.400000000000176,Pipe,N/A,N/A,N/A,N/A
31.400000000000176,Pressure Outlet,N/A,792897.4,9.129090125673672,N/A
31.500000000000178,Pressurant Tank,2.4328409987857986,1416960.3682591438,24.328409987857984,202.03830650510386
31.500000000000178,Pipe,N/A,N/A,N/A,N/A
31.500000000000178,Pressure Outlet,N/A,792897.4,9.129090125673672,N/A
31.60000000000018,Pressurant Tank,2.4280850738401387,1412901.9486721477,24.280850738401387,201.85878998648602
31.60000000000018,Pipe,N/A,N/A,N/A,N/A
31.60000000000018,Pressure Outlet,N/A,792897.4,9.129090125673672,N/A
31.70000000000018,Pressurant Tank,2.4233493496832783,1408864.5697022656,24.233493496832782,201.6798423854617
31.70000000000018,Pipe,N/A,N/A,N/A,N/A
31.70000000000018,Pressure Outlet,N/A,792897.4,9.129090125673672,N/A
31.800000000000182,Pressurant Tank,2.4186337507400757,1404848.1218438707,24.186337507400754,201.50146277412335
31.800000000000182,Pipe,N/A,N/A,N/A,N/A
31.800000000000182,Pressure Outlet,N/A,792897.4,9.129090125673672,N/A
31.900000000000183,Pressurant Tank,2.413938201828319,1400852.4962966053,24.139382018283186,201.32365022776483
31.900000000000183,Pipe,N/A,N/A,N/A,N/A
31.900000000000183,Pressure Outlet,N/A,792897.4,9.129090125673672,N/A
32.000000000000185,Pressurant Tank,2.4092626281566623,1396877.5849605768,24.09262628156662,201.14640382487633
32.000000000000185,Pipe,N/A,N/A,N/A,N/A
32.000000000000185,Pressure Outlet,N/A,792897.4,9.129090125673672,N/A
32.100000000000186,Pressurant Tank,2.4046069553225773,1392923.2804315947,24.04606955322577,200.96972264713884
32.100000000000186,Pipe,N/A,N/A,N/A,N/A
32.100000000000186,Pressure Outlet,N/A,792897.4,9.129090125673672,N/A
32.20000000000019,Pressurant Tank,2.3999711093103135,1388989.4759964403,23.999711093103134,200.79360577941918
32.20000000000019,Pipe,N/A,N/A,N/A,N/A
32.20000000000019,Pressure Outlet,N/A,792897.4,9.129090125673672,N/A
32.30000000000019,Pressurant Tank,2.3953550164888773,1385076.0656281777,23.95355016488877,200.61805230976492
32.30000000000019,Pipe,N/A,N/A,N/A,N/A
32.30000000000019,Pressure Outlet,N/A,792897.4,9.129090125673672,N/A
32.40000000000019,Pressurant Tank,2.3907586036100192,1381182.9439814973,23.90758603610019,200.44306132939832
32.40000000000019,Pipe,N/A,N/A,N/A,N/A
32.40000000000019,Pressure Outlet,N/A,792897.4,9.129090125673672,N/A
32.50000000000019,Pressurant Tank,2.386181797806237,1377310.0063880982,23.86181797806237,200.26863193271188
32.50000000000019,Pipe,N/A,N/A,N/A,N/A
32.50000000000019,Pressure Outlet,N/A,792897.4,9.129090125673672,N/A
32.60000000000019,Pressurant Tank,2.3816245265887903,1373457.1488521048,23.8162452658879,200.09476321726265
32.60000000000019,Pipe,N/A,N/A,N/A,N/A
32.60000000000019,Pressure Outlet,N/A,792897.4,9.129090125673672,N/A
32.700000000000195,Pressurant Tank,2.377086717845729,1369624.2680455197,23.770867178457287,199.9214542837668
32.700000000000195,Pipe,N/A,N/A,N/A,N/A
32.700000000000195,Pressure Outlet,N/A,792897.4,9.129090125673672,N/A
32.800000000000196,Pressurant Tank,2.3725682998399322,1365811.2613037117,23.72568299839932,199.74870423609445
32.800000000000196,Pipe,N/A,N/A,N/A,N/A
32.800000000000196,Pressure Outlet,N/A,792897.4,9.129090125673672,N/A
32.9000000000002,Pressurant Tank,2.368069201207163,1362018.0266209373,23.68069201207163,199.5765121812639
32.9000000000002,Pipe,N/A,N/A,N/A,N/A
32.9000000000002,Pressure Outlet,N/A,792897.4,9.129090125673672,N/A
33.0000000000002,Pressurant Tank,2.363589350954134,1358244.4626459007,23.635893509541336,199.40487722943675
33.0000000000002,Pipe,N/A,N/A,N/A,N/A
33.0000000000002,Pressure Outlet,N/A,792897.4,9.129090125673672,N/A
33.1000000000002,Pressurant Tank,2.359128678456582,1354490.4686773433,23.59128678456582,199.23379849391208
33.1000000000002,Pipe,N/A,N/A,N/A,N/A
33.1000000000002,Pressure Outlet,N/A,792897.4,9.129090125673672,N/A
33.2000000000002,Pressurant Tank,2.3546871134573637,1350755.944659671,23.546871134573635,199.06327509112106
33.2000000000002,Pipe,N/A,N/A,N/A,N/A
33.2000000000002,Pressure Outlet,N/A,792897.4,9.129090125673672,N/A
33.3000000000002,Pressurant Tank,2.3502645860645526,1347040.7911786132,23.502645860645526,198.89330614062166
33.3000000000002,Pipe,N/A,N/A,N/A,N/A
33.3000000000002,Pressure Outlet,N/A,792897.4,9.129090125673672,N/A
33.400000000000205,Pressurant Tank,2.345861026749557,1343344.909456915,23.45861026749557,198.72389076509273
33.400000000000205,Pipe,N/A,N/A,N/A,N/A
33.400000000000205,Pressure Outlet,N/A,792897.4,9.129090125673672,N/A
33.500000000000206,Pressurant Tank,2.3414763663452463,1339668.2013500668,23.41476366345246,198.5550280903292
33.500000000000206,Pipe,N/A,N/A,N/A,N/A
33.500000000000206,Pressure Outlet,N/A,792897.4,9.129090125673672,N/A
33.60000000000021,Pressurant Tank,2.3371105360440882,1336010.5693420602,23.371105360440882,198.38671724523581
33.60000000000021,Pipe,N/A,N/A,N/A,N/A
33.60000000000021,Pressure Outlet,N/A,792897.4,9.129090125673672,N/A
33.70000000000021,Pressurant Tank,2.332763467396301,1332371.9165411817,23.32763467396301,198.21895736182196
33.70000000000021,Pipe,N/A,N/A,N/A,N/A
33.70000000000021,Pressure Outlet,N/A,792897.4,9.129090125673672,N/A
33.80000000000021,Pressurant Tank,2.3284350923080153,1328752.1466758372,23.28435092308015,198.05174757519617
33.80000000000021,Pipe,N/A,N/A,N/A,N/A
33.80000000000021,Pressure Outlet,N/A,792897.4,9.129090125673672,N/A
33.90000000000021,Pressurant Tank,2.324125343039447,1325151.164090408,23.24125343039447,197.88508702356032
33.90000000000021,Pipe,N/A,N/A,N/A,N/A
33.90000000000021,Pressure Outlet,N/A,792897.4,9.129090125673672,N/A
34.00000000000021,Pressurant Tank,2.3198341522030854,1321568.87374114,23.19834152203085,197.7189748482042
34.00000000000021,Pipe,N/A,N/A,N/A,N/A
34.00000000000021,Pressure Outlet,N/A,792897.4,9.129090125673672,N/A
34.100000000000215,Pressurant Tank,2.315561452761889,1318005.1811920642,23.15561452761889,197.55341019349999
34.100000000000215,Pipe,N/A,N/A,N/A,N/A
34.100000000000215,Pressure Outlet,N/A,792897.4,9.129090125673672,N/A
34.200000000000216,Pressurant Tank,2.3113071780274943,1314459.9926109458,23.113071780274943,197.3883922068962
34.200000000000216,Pipe,N/A,N/A,N/A,N/A
34.200000000000216,Pressure Outlet,N/A,792897.4,9.129090125673672,N/A
34.30000000000022,Pressurant Tank,2.3070712616584372,1310933.2147652698,23.07071261658437,197.22392003891264
34.30000000000022,Pipe,N/A,N/A,N/A,N/A
34.30000000000022,Pressure Outlet,N/A,792897.4,9.129090125673672,N/A
34.40000000000022,Pressurant Tank,2.302853637658384,1307424.7550182536,23.02853637658384,197.05999284313438
34.40000000000022,Pipe,N/A,N/A,N/A,N/A
34.40000000000022,Pressure Outlet,N/A,792897.4,9.129090125673672,N/A
34.50000000000022,Pressurant Tank,2.2986542403743746,1303934.5213248897,22.986542403743744,196.8966097762062
34.50000000000022,Pipe,N/A,N/A,N/A,N/A
34.50000000000022,Pressure Outlet,N/A,792897.4,9.129090125673672,N/A
34.60000000000022,Pressurant Tank,2.294473004495076,1300462.4222280215,22.944730044950756,196.7337699978269
34.60000000000022,Pipe,N/A,N/A,N/A,N/A
34.60000000000022,Pressure Outlet,N/A,792897.4,9.129090125673672,N/A
34.70000000000022,Pressurant Tank,2.290309865049048,1297008.3668544476,22.90309865049048,196.57147267074362
34.70000000000022,Pipe,N/A,N/A,N/A,N/A
34.70000000000022,Pressure Outlet,N/A,792897.4,9.129090125673672,N/A
34.800000000000225,Pressurant Tank,2.2861647574030206,1293572.2649110549,22.861647574030204,196.40971696074615
34.800000000000225,Pipe,N/A,N/A,N/A,N/A
34.800000000000225,Pressure Outlet,N/A,792897.4,9.129090125673672,N/A
34.900000000000226,Pressurant Tank,2.2820376172601797,1290154.026680985,22.820376172601797,196.24850203666125
34.900000000000226,Pipe,N/A,N/A,N/A,N/A
34.900000000000226,Pressure Outlet,N/A,792897.4,9.129090125673672,N/A
35.00000000000023,Pressurant Tank,2.277928380658466,1286753.5630198254,22.779283806584658,196.0878270703468
35.00000000000023,Pipe,N/A,N/A,N/A,N/A
35.00000000000023,Pressure Outlet,N/A,792897.4,9.129090125673672,N/A
35.10000000000023,Pressurant Tank,2.273836983968884,1283370.7853518329,22.738369839688836,195.9276912366863
35.10000000000023,Pipe,N/A,N/A,N/A,N/A
35.10000000000023,Pressure Outlet,N/A,792897.4,9.129090125673672,N/A
35.20000000000023,Pressurant Tank,2.2697633638938215,1280005.605666185,22.697633638938214,195.76809371358294
35.20000000000023,Pipe,N/A,N/A,N/A,N/A
35.20000000000023,Pressure Outlet,N/A,792897.4,9.129090125673672,N/A
35.30000000000023,Pressurant Tank,2.2657074574653806,1276657.936513259,22.657074574653805,195.60903368195386
35.30000000000023,Pipe,N/A,N/A,N/A,N/A
35.30000000000023,Pressure Outlet,N/A,792897.4,9.129090125673672,N/A
35.40000000000023,Pressurant Tank,2.261669202043718,1273327.6910009417,22.61669202043718,195.4505103257244
35.40000000000023,Pipe,N/A,N/A,N/A,N/A
35.40000000000023,Pressure Outlet,N/A,792897.4,9.129090125673672,N/A
35.500000000000234,Pressurant Tank,2.257648535315398,1270014.7827909647,22.576485353153977,195.29252283182242
35.500000000000234,Pipe,N/A,N/A,N/A,N/A
35.500000000000234,Pressure Outlet,N/A,792897.4,9.129090125673672,N/A
35.600000000000236,Pressurant Tank,2.2536453952917523,1266719.1260952712,22.536453952917523,195.13507039017256
35.600000000000236,Pipe,N/A,N/A,N/A,N/A
35.600000000000236,Pressure Outlet,N/A,792897.4,9.129090125673672,N/A
35.70000000000024,Pressurant Tank,2.249659720307255,1263440.6356724056,22.49659720307255,194.97815219369014
35.70000000000024,Pipe,N/A,N/A,N/A,N/A
35.70000000000024,Pressure Outlet,N/A,792897.4,9.129090125673672,N/A
35.80000000000024,Pressurant Tank,2.245691449017903,1260179.2268239346,22.45691449017903,194.82176743827574
35.80000000000024,Pipe,N/A,N/A,N/A,N/A
35.80000000000024,Pressure Outlet,N/A,792897.4,9.129090125673672,N/A
35.90000000000024,Pressurant Tank,2.2417405203996115,1256934.8153908947,22.417405203996115,194.66591532280907
35.90000000000024,Pipe,N/A,N/A,N/A,N/A
35.90000000000024,Pressure Outlet,N/A,792897.4,9.129090125673672,N/A
36.00000000000024,Pressurant Tank,2.2378068737466146,1253707.3177502656,22.378068737466144,194.51059504914343
36.00000000000024,Pipe,N/A,N/A,N/A,N/A
36.00000000000024,Pressure Outlet,N/A,792897.4,9.129090125673672,N/A
36.10000000000024,Pressurant Tank,2.233890448669881,1250496.6508114722,22.33890448669881,194.35580582209977
36.10000000000024,Pipe,N/A,N/A,N/A,N/A
36.10000000000024,Pressure Outlet,N/A,792897.4,9.129090125673672,N/A
36.200000000000244,Pressurant Tank,2.229991185095536,1247302.7320129115,22.299911850955358,194.2015468494608
36.200000000000244,Pipe,N/A,N/A,N/A,N/A
36.200000000000244,Pressure Outlet,N/A,792897.4,9.129090125673672,N/A
36.300000000000246,Pressurant Tank,2.226109023263295,1244125.4793185063,22.26109023263295,194.0478173419653
36.300000000000246,Pipe,N/A,N/A,N/A,N/A
36.300000000000246,Pressure Outlet,N/A,792897.4,9.129090125673672,N/A
36.40000000000025,Pressurant Tank,2.222243903724908,1240964.8112142868,22.222439037249078,193.89461651330214
36.40000000000025,Pipe,N/A,N/A,N/A,N/A
36.40000000000025,Pressure Outlet,N/A,792897.4,9.129090125673672,N/A
36.50000000000025,Pressurant Tank,2.218395767342611,1237820.6467049958,22.183957673426107,193.74194358010448
36.50000000000025,Pipe,N/A,N/A,N/A,N/A
36.50000000000025,Pressure Outlet,N/A,792897.4,9.129090125673672,N/A
36.60000000000025,Pressurant Tank,2.21456455528759,1234692.9053107207,22.145645552875898,193.5897977619439
36.60000000000025,Pipe,N/A,N/A,N/A,N/A
36.60000000000025,Pressure Outlet,N/A,792897.4,9.129090125673672,N/A
36.70000000000025,Pressurant Tank,2.210750209038453,1231581.5070635516,22.107502090384532,193.43817828132475
36.70000000000025,Pipe,N/A,N/A,N/A,N/A
36.70000000000025,Pressure Outlet,N/A,792897.4,9.129090125673672,N/A
36.80000000000025,Pressurant Tank,2.2069526703797147,1228486.3725042648,22.069526703797145,193.28708436367788
36.80000000000025,Pipe,N/A,N/A,N/A,N/A
36.80000000000025,Pressure Outlet,N/A,792897.4,9.129090125673672,N/A
36.900000000000254,Pressurant Tank,2.2031718814002836,1225407.42267903,22.031718814002836,193.13651523735516
36.900000000000254,Pipe,N/A,N/A,N/A,N/A
36.900000000000254,Pressure Outlet,N/A,792897.4,9.129090125673672,N/A
37.000000000000256,Pressurant Tank,2.199407784491968,1222344.5791361432,21.99407784491968,192.98647013362336
37.000000000000256,Pipe,N/A,N/A,N/A,N/A
37.000000000000256,Pressure Outlet,N/A,792897.4,9.129090125673672,N/A
37.10000000000026,Pressurant Tank,2.195660322347986,1219297.7639227863,21.956603223479856,192.83694828665838
37.10000000000026,Pipe,N/A,N/A,N/A,N/A
37.10000000000026,Pressure Outlet,N/A,792897.4,9.129090125673672,N/A
37.20000000000026,Pressurant Tank,2.191929437961482,1216266.8995818072,21.919294379614822,192.68794893353936
37.20000000000026,Pipe,N/A,N/A,N/A,N/A
37.20000000000026,Pressure Outlet,N/A,792897.4,9.129090125673672,N/A
37.30000000000026,Pressurant Tank,2.1882150746240634,1213251.9091485282,21.882150746240633,192.5394713142427
37.30000000000026,Pipe,N/A,N/A,N/A,N/A
37.30000000000026,Pressure Outlet,N/A,792897.4,9.129090125673672,N/A
37.40000000000026,Pressurant Tank,2.184517175924332,1210252.7161475767,21.845171759243318,192.3915146716363
37.40000000000026,Pipe,N/A,N/A,N/A,N/A
37.40000000000026,Pressure Outlet,N/A,792897.4,9.129090125673672,N/A
37.50000000000026,Pressurant Tank,2.1808356857464375,1207269.2445897406,21.808356857464375,192.24407825147372
37.50000000000026,Pipe,N/A,N/A,N/A,N/A
37.50000000000026,Pressure Outlet,N/A,792897.4,9.129090125673672,N/A
37.600000000000264,Pressurant Tank,2.177170548268632,1204301.418968845,21.77170548268632,192.09716130238795
37.600000000000264,Pipe,N/A,N/A,N/A,N/A
37.600000000000264,Pressure Outlet,N/A,792897.4,9.129090125673672,N/A
37.700000000000266,Pressurant Tank,2.173521707961838,1201349.1642586577,21.73521707961838,191.950763075886
37.700000000000266,Pipe,N/A,N/A,N/A,N/A
37.700000000000266,Pressure Outlet,N/A,792897.4,9.129090125673672,N/A
37.80000000000027,Pressurant Tank,2.169889109588223,1198412.405909812,21.698891095882228,191.80488282634246
37.80000000000027,Pipe,N/A,N/A,N/A,N/A
37.80000000000027,Pressure Outlet,N/A,792897.4,9.129090125673672,N/A
37.90000000000027,Pressurant Tank,2.1662726981997826,1195491.069846758,21.662726981997825,191.65951981099403
37.90000000000027,Pipe,N/A,N/A,N/A,N/A
37.90000000000027,Pressure Outlet,N/A,792897.4,9.129090125673672,N/A
38.00000000000027,Pressurant Tank,2.162672419136937,1192585.0824647322,21.626724191369366,191.5146732899335
38.00000000000027,Pipe,N/A,N/A,N/A,N/A
38.00000000000027,Pressure Outlet,N/A,792897.4,9.129090125673672,N/A
38.10000000000027,Pressurant Tank,2.1590882180271302,1189694.370626756,21.5908821802713,191.3703425261037
38.10000000000027,Pipe,N/A,N/A,N/A,N/A
38.10000000000027,Pressure Outlet,N/A,792897.4,9.129090125673672,N/A
38.20000000000027,Pressurant Tank,2.155520040783442,1186818.861660648,21.55520040783442,191.22652678529167
38.20000000000027,Pipe,N/A,N/A,N/A,N/A
38.20000000000027,Pressure Outlet,N/A,792897.4,9.129090125673672,N/A
38.300000000000274,Pressurant Tank,2.1519678336032086,1183958.4833560693,21.519678336032086,191.0832253361228
38.300000000000274,Pipe,N/A,N/A,N/A,N/A
38.300000000000274,Pressure Outlet,N/A,792897.4,9.129090125673672,N/A
38.400000000000276,Pressurant Tank,2.148431542966649,1181113.1639615824,21.484315429666488,190.94043745005493
38.400000000000276,Pipe,N/A,N/A,N/A,N/A
38.400000000000276,Pressure Outlet,N/A,792897.4,9.129090125673672,N/A
38.50000000000028,Pressurant Tank,2.1449111156355034,1178282.8321817373,21.449111156355034,190.79816240137225
38.50000000000028,Pipe,N/A,N/A,N/A,N/A
38.50000000000028,Pressure Outlet,N/A,792897.4,9.129090125673672,N/A
38.60000000000028,Pressurant Tank,2.1414064986516785,1175467.4171741765,21.414064986516784,190.65639946717948
38.60000000000028,Pipe,N/A,N/A,N/A,N/A
38.60000000000028,Pressure Outlet,N/A,792897.4,9.129090125673672,N/A
38.70000000000028,Pressurant Tank,2.1379176393359014,1172666.8485467655,21.379176393359014,190.51514792739627
38.70000000000028,Pipe,N/A,N/A,N/A,N/A
38.70000000000028,Pressure Outlet,N/A,792897.4,9.129090125673672,N/A
38.80000000000028,Pressurant Tank,2.134444485286382,1169881.0563547402,21.34444485286382,190.37440706475073
38.80000000000028,Pipe,N/A,N/A,N/A,N/A
38.80000000000028,Pressure Outlet,N/A,792897.4,9.129090125673672,N/A
38.90000000000028,Pressurant Tank,2.1309869843774845,1167109.9710978793,21.309869843774845,190.23417616477386
38.90000000000028,Pipe,N/A,N/A,N/A,N/A
38.90000000000028,Pressure Outlet,N/A,792897.4,9.129090125673672,N/A
39.000000000000284,Pressurant Tank,2.1275450847584056,1164353.5237176972,21.275450847584054,190.0944545157936
39.000000000000284,Pipe,N/A,N/A,N/A,N/A
39.000000000000284,Pressure Outlet,N/A,792897.4,9.129090125673672,N/A
39.100000000000286,Pressurant Tank,2.124118734851863,1161611.6455946572,21.24118734851863,189.95524140892866
39.100000000000286,Pipe,N/A,N/A,N/A,N/A
39.100000000000286,Pressure Outlet,N/A,792897.4,9.129090125673672,N/A
39.20000000000029,Pressurant Tank,2.1207078833527904,1158884.2685454048,21.207078833527902,189.81653613808302
39.20000000000029,Pipe,N/A,N/A,N/A,N/A
39.20000000000029,Pressure Outlet,N/A,792897.4,9.129090125673672,N/A
39.30000000000029,Pressurant Tank,2.117312479227042,1156171.324820026,21.17312479227042,189.67833799993974
39.30000000000029,Pipe,N/A,N/A,N/A,N/A
39.30000000000029,Pressure Outlet,N/A,792897.4,9.129090125673672,N/A
39.40000000000029,Pressurant Tank,2.113932471710105,1153472.7470993209,21.139324717101047,189.5406462939551
39.40000000000029,Pipe,N/A,N/A,N/A,N/A
39.40000000000029,Pressure Outlet,N/A,792897.4,9.129090125673672,N/A
39.50000000000029,Pressurant Tank,2.1105678103058176,1150788.4684921005,21.105678103058175,189.40346032235257
39.50000000000029,Pipe,N/A,N/A,N/A,N/A
39.50000000000029,Pressure Outlet,N/A,792897.4,9.129090125673672,N/A
39.60000000000029,Pressurant Tank,2.1072184447851003,1148118.4225325044,21.072184447851,189.26677939011714
39.60000000000029,Pipe,N/A,N/A,N/A,N/A
39.60000000000029,Pressure Outlet,N/A,792897.4,9.129090125673672,N/A
39.700000000000294,Pressurant Tank,2.103884325184689,1145462.5431773365,21.038843251846888,189.13060280498922
39.700000000000294,Pipe,N/A,N/A,N/A,N/A
39.700000000000294,Pressure Outlet,N/A,792897.4,9.129090125673672,N/A
39.800000000000296,Pressurant Tank,2.1005654018058806,1142820.7648034215,21.005654018058806,188.99492987745865
39.800000000000296,Pipe,N/A,N/A,N/A,N/A
39.800000000000296,Pressure Outlet,N/A,792897.4,9.129090125673672,N/A
39.9000000000003,Pressurant Tank,2.097261625213285,1140193.0222049828,20.972616252132852,188.85975992075905
39.9000000000003,Pipe,N/A,N/A,N/A,N/A
39.9000000000003,Pressure Outlet,N/A,792897.4,9.129090125673672,N/A
40.0000000000003,Pressurant Tank,2.0939729462335848,1137579.2505910387,20.939729462335848,188.72509225086168
40.0000000000003,Pipe,N/A,N/A,N/A,N/A
40.0000000000003,Pressure Outlet,N/A,792897.4,9.129090125673672,N/A
40.1000000000003,Pressurant Tank,2.090699315954301,1134979.3855828168,20.906993159543006,188.59092618646963
40.1000000000003,Pipe,N/A,N/A,N/A,N/A
40.1000000000003,Pressure Outlet,N/A,792897.4,9.129090125673672,N/A
40.2000000000003,Pressurant Tank,2.0874406857225702,1132393.36321119,20.8744068572257,188.4572610490119
40.2000000000003,Pipe,N/A,N/A,N/A,N/A
40.2000000000003,Pressure Outlet,N/A,792897.4,9.129090125673672,N/A
40.3000000000003,Pressurant Tank,2.084197007143927,1129821.119914131,20.841970071439267,188.3240961626374
40.3000000000003,Pipe,N/A,N/A,N/A,N/A
40.3000000000003,Pressure Outlet,N/A,792897.4,9.129090125673672,N/A
40.400000000000304,Pressurant Tank,2.0809682320810934,1127262.5925341852,20.809682320810932,188.19143085420927
40.400000000000304,Pipe,N/A,N/A,N/A,N/A
40.400000000000304,Pressure Outlet,N/A,792897.4,9.129090125673672,N/A
40.500000000000306,Pressurant Tank,2.0777543126527775,1124717.718315963,20.777543126527775,188.05926445329862
40.500000000000306,Pipe,N/A,N/A,N/A,N/A
40.500000000000306,Pressure Outlet,N/A,792897.4,9.129090125673672,N/A
40.60000000000031,Pressurant Tank,2.0745552012324793,1122186.4349036505,20.74555201232479,187.9275962921791
40.60000000000031,Pipe,N/A,N/A,N/A,N/A
40.60000000000031,Pressure Outlet,N/A,792897.4,9.129090125673672,N/A
40.70000000000031,Pressurant Tank,2.0713708504473023,1119668.6803385406,20.713708504473022,187.79642570582035
40.70000000000031,Pipe,N/A,N/A,N/A,N/A
40.70000000000031,Pressure Outlet,N/A,792897.4,9.129090125673672,N/A
40.80000000000031,Pressurant Tank,2.0682012131767755,1117164.3930565787,20.682012131767753,187.66575203188287
40.80000000000031,Pipe,N/A,N/A,N/A,N/A
40.80000000000031,Pressure Outlet,N/A,792897.4,9.129090125673672,N/A
40.90000000000031,Pressurant Tank,2.06504624255168,1114673.5118859312,20.650462425516796,187.53557461071154
40.90000000000031,Pipe,N/A,N/A,N/A,N/A
40.90000000000031,Pressure Outlet,N/A,792897.4,9.129090125673672,N/A
41.00000000000031,Pressurant Tank,2.061905891952883,1112195.9760445685,20.61905891952883,187.4058927853298
41.00000000000031,Pipe,N/A,N/A,N/A,N/A
41.00000000000031,Pressure Outlet,N/A,792897.4,9.129090125673672,N/A
41.100000000000314,Pressurant Tank,2.0587801150101828,1109731.725137868,20.587801150101825,187.27670590143407
41.100000000000314,Pipe,N/A,N/A,N/A,N/A
41.100000000000314,Pressure Outlet,N/A,792897.4,9.129090125673672,N/A
41.200000000000315,Pressurant Tank,2.0556688656011555,1107280.699156236,20.556688656011552,187.14801330738766
41.200000000000315,Pipe,N/A,N/A,N/A,N/A
41.200000000000315,Pressure Outlet,N/A,792897.4,9.129090125673672,N/A
41.30000000000032,Pressurant Tank,2.0525720978500135,1104842.8384727433,20.525720978500132,187.01981435421476
41.30000000000032,Pipe,N/A,N/A,N/A,N/A
41.30000000000032,Pressure Outlet,N/A,792897.4,9.129090125673672,N/A
41.40000000000032,Pressurant Tank,2.049489766126468,1102418.0838407835,20.494897661264677,186.89210839559473
41.40000000000032,Pipe,N/A,N/A,N/A,N/A
41.40000000000032,Pressure Outlet,N/A,792897.4,9.129090125673672,N/A
41.50000000000032,Pressurant Tank,2.0464218250446,1100006.3763917445,20.464218250445995,186.7648947878562
41.50000000000032,Pipe,N/A,N/A,N/A,N/A
41.50000000000032,Pressure Outlet,N/A,792897.4,9.129090125673672,N/A
41.60000000000032,Pressurant Tank,2.043368229461738,1097607.6576327004,20.43368229461738,186.6381728899712
41.60000000000032,Pipe,N/A,N/A,N/A,N/A
41.60000000000032,Pressure Outlet,N/A,792897.4,9.129090125673672,N/A
41.70000000000032,Pressurant Tank,2.040328934477345,1095221.8694441183,20.403289344773448,186.5119420635491
41.70000000000032,Pipe,N/A,N/A,N/A,N/A
41.70000000000032,Pressure Outlet,N/A,792897.4,9.129090125673672,N/A
41.800000000000324,Pressurant Tank,2.0373038954319056,1092848.9540775837,20.373038954319053,186.3862016728309
41.800000000000324,Pipe,N/A,N/A,N/A,N/A
41.800000000000324,Pressure Outlet,N/A,792897.4,9.129090125673672,N/A
41.900000000000325,Pressurant Tank,2.0342930679058293,1090488.8541535435,20.34293067905829,186.26095108468354
41.900000000000325,Pipe,N/A,N/A,N/A,N/A
41.900000000000325,Pressure Outlet,N/A,792897.4,9.129090125673672,N/A
42.00000000000033,Pressurant Tank,2.0312964077183526,1088141.5126590617,20.312964077183526,186.13618966859346
42.00000000000033,Pipe,N/A,N/A,N/A,N/A
42.00000000000033,Pressure Outlet,N/A,792897.4,9.129090125673672,N/A
42.10000000000033,Pressurant Tank,2.0283138709264534,1085806.872945598,20.283138709264534,186.01191679666152
42.10000000000033,Pipe,N/A,N/A,N/A,N/A
42.10000000000033,Pressure Outlet,N/A,792897.4,9.129090125673672,N/A
42.20000000000033,Pressurant Tank,2.0253454138237688,1083484.8787267983,20.253454138237686,185.88813184359637
42.20000000000033,Pipe,N/A,N/A,N/A,N/A
42.20000000000033,Pressure Outlet,N/A,792897.4,9.129090125673672,N/A
42.30000000000033,Pressurant Tank,2.0223909929395205,1081175.4740763023,20.223909929395205,185.76483418670912
42.30000000000033,Pipe,N/A,N/A,N/A,N/A
42.30000000000033,Pressure Outlet,N/A,792897.4,9.129090125673672,N/A
42.40000000000033,Pressurant Tank,2.019450565037449,1078878.6034255691,20.194505650374488,185.64202320590726
42.40000000000033,Pipe,N/A,N/A,N/A,N/A
42.40000000000033,Pressure Outlet,N/A,792897.4,9.129090125673672,N/A
42.500000000000334,Pressurant Tank,2.016524087114749,1076594.211561718,20.16524087114749,185.51969828368885
42.500000000000334,Pipe,N/A,N/A,N/A,N/A
42.500000000000334,Pressure Outlet,N/A,792897.4,9.129090125673672,N/A
42.600000000000335,Pressurant Tank,2.01361151640102,1074322.2436253855,20.1361151640102,185.3978588051366
42.600000000000335,Pipe,N/A,N/A,N/A,N/A
42.600000000000335,Pressure Outlet,N/A,792897.4,9.129090125673672,N/A
42.70000000000034,Pressurant Tank,2.0107128103572136,1072062.6451085967,20.107128103572133,185.27650415791223
42.70000000000034,Pipe,N/A,N/A,N/A,N/A
42.70000000000034,Pressure Outlet,N/A,792897.4,9.129090125673672,N/A
42.80000000000034,Pressurant Tank,2.007827926674594,1069815.3618526554,20.07827926674594,185.15563373225038
42.80000000000034,Pipe,N/A,N/A,N/A,N/A
42.80000000000034,Pressure Outlet,N/A,792897.4,9.129090125673672,N/A
42.90000000000034,Pressurant Tank,2.0049568232737034,1067580.3400460472,20.049568232737034,185.0352469209529
42.90000000000034,Pipe,N/A,N/A,N/A,N/A
42.90000000000034,Pressure Outlet,N/A,792897.4,9.129090125673672,N/A
43.00000000000034,Pressurant Tank,2.002099458303332,1065357.5262223599,20.020994583033318,184.91534311938287
43.00000000000034,Pipe,N/A,N/A,N/A,N/A
43.00000000000034,Pressure Outlet,N/A,792897.4,9.129090125673672,N/A
43.10000000000034,Pressurant Tank,1.9992557901394974,1063146.8672582195,19.992557901394974,184.79592172545912
43.10000000000034,Pipe,N/A,N/A,N/A,N/A
43.10000000000034,Pressure Outlet,N/A,792897.4,9.129090125673672,N/A
43.200000000000344,Pressurant Tank,1.9964257773844272,1060948.3103712387,19.96425777384427,184.67698213965
43.200000000000344,Pipe,N/A,N/A,N/A,N/A
43.200000000000344,Pressure Outlet,N/A,792897.4,9.129090125673672,N/A
43.300000000000345,Pressurant Tank,1.9936093788655496,1058761.8031179847,19.936093788655494,184.55852376496773
43.300000000000345,Pipe,N/A,N/A,N/A,N/A
43.300000000000345,Pressure Outlet,N/A,792897.4,9.129090125673672,N/A
43.40000000000035,Pressurant Tank,1.9908065536344905,1056587.2933919583,19.908065536344903,184.4405460069625
43.40000000000035,Pipe,N/A,N/A,N/A,N/A
43.40000000000035,Pressure Outlet,N/A,792897.4,9.129090125673672,N/A
43.50000000000035,Pressurant Tank,1.9880172609660758,1054424.7294215914,19.880172609660757,184.3230482737168
43.50000000000035,Pipe,N/A,N/A,N/A,N/A
43.50000000000035,Pressure Outlet,N/A,792897.4,9.129090125673672,N/A
43.60000000000035,Pressurant Tank,1.9852414603573396,1052274.0597682556,19.852414603573393,184.20602997583947
43.60000000000035,Pipe,N/A,N/A,N/A,N/A
43.60000000000035,Pressure Outlet,N/A,792897.4,9.129090125673672,N/A
43.70000000000035,Pressurant Tank,1.9824791115265403,1050135.2333242898,19.824791115265402,184.0894905264598
43.70000000000035,Pipe,N/A,N/A,N/A,N/A
43.70000000000035,Pressure Outlet,N/A,792897.4,9.129090125673672,N/A
43.80000000000035,Pressurant Tank,1.979730174412181,1048008.1993110382,19.797301744121807,183.97342934122196
43.80000000000035,Pipe,N/A,N/A,N/A,N/A
43.80000000000035,Pressure Outlet,N/A,792897.4,9.129090125673672,N/A
43.900000000000354,Pressurant Tank,1.976994609172036,1045892.9072769068,19.76994609172036,183.85784583827896
43.900000000000354,Pipe,N/A,N/A,N/A,N/A
43.900000000000354,Pressure Outlet,N/A,792897.4,9.129090125673672,N/A
44.000000000000355,Pressurant Tank,1.9742723761821852,1043789.30709543,19.74272376182185,183.742739438287
44.000000000000355,Pipe,N/A,N/A,N/A,N/A
44.000000000000355,Pressure Outlet,N/A,792897.4,9.129090125673672,N/A
44.10000000000036,Pressurant Tank,1.9715634360360512,1041697.3489633559,19.71563436036051,183.62810956439958
44.10000000000036,Pipe,N/A,N/A,N/A,N/A
44.10000000000036,Pressure Outlet,N/A,792897.4,9.129090125673672,N/A
44.20000000000036,Pressurant Tank,1.9688677495434457,1039616.9833987423,19.688677495434455,183.51395564226158
44.20000000000036,Pipe,N/A,N/A,N/A,N/A
44.20000000000036,Pressure Outlet,N/A,792897.4,9.129090125673672,N/A
44.30000000000036,Pressurant Tank,1.966185277729619,1037548.1612390693,19.66185277729619,183.4002771000038
44.30000000000036,Pipe,N/A,N/A,N/A,N/A
44.30000000000036,Pressure Outlet,N/A,792897.4,9.129090125673672,N/A
44.40000000000036,Pressurant Tank,1.9635159818343173,1035490.8336393631,19.635159818343173,183.2870733682368
44.40000000000036,Pipe,N/A,N/A,N/A,N/A
44.40000000000036,Pressure Outlet,N/A,792897.4,9.129090125673672,N/A
44.50000000000036,Pressurant Tank,1.960859823310845,1033444.9520703373,19.60859823310845,183.17434388004529
44.50000000000036,Pipe,N/A,N/A,N/A,N/A
44.50000000000036,Pressure Outlet,N/A,792897.4,9.129090125673672,N/A
44.600000000000364,Pressurant Tank,1.9582167638251315,1031410.4683165441,19.582167638251313,183.0620880709822
44.600000000000364,Pipe,N/A,N/A,N/A,N/A
44.600000000000364,Pressure Outlet,N/A,792897.4,9.129090125673672,N/A
44.700000000000365,Pressurant Tank,1.9555867652548065,1029387.3344745423,19.555867652548063,182.95030537906325
44.700000000000365,Pipe,N/A,N/A,N/A,N/A
44.700000000000365,Pressure Outlet,N/A,792897.4,9.129090125673672,N/A
44.80000000000037,Pressurant Tank,1.952969789688278,1027375.5029510767,19.52969789688278,182.83899524476058
44.80000000000037,Pipe,N/A,N/A,N/A,N/A
44.80000000000037,Pressure Outlet,N/A,792897.4,9.129090125673672,N/A
44.90000000000037,Pressurant Tank,1.9503657994238186,1025374.9264612718,19.503657994238186,182.7281571109974
44.90000000000037,Pipe,N/A,N/A,N/A,N/A
44.90000000000037,Pressure Outlet,N/A,792897.4,9.129090125673672,N/A
