,Time,Interface,Rho,Pressure,Velocity,Temperature,Mass Flow Rate
0,0.0,INTER1,27.703592130318135 kg/m^3,2402256.6671847 kg/ms^2,82.06798710064191 m/s,293.4403877641479 K,0.07200243737416923 kg/s
1,0.0,INTER2,24.082820186964923 kg/m^3,2078543.5778805139 kg/ms^2,93.33445403947195 m/s,292.0216594331189 K,0.0711847011992742 kg/s
2,0.0,INTER3,22.72540584694802 kg/m^3,1987759.0555290405 kg/ms^2,106.03621543484863 m/s,295.7170997458631 K,0.07631382093870978 kg/s
3,0.0,INTER4,8.803446641791938 kg/m^3,725966.7004871108 kg/ms^2,261.3353379555823 m/s,278.58963746821615 K,0.07285983905399174 kg/s
4,0.10101010101010101,INTER1,27.859225125221965 kg/m^3,2413192.5866183178 kg/ms^2,85.9564345621801 m/s,293.1512834568867 K,0.075837630905552 kg/s
5,0.10101010101010101,INTER2,23.85988368494815 kg/m^3,2067761.1475622486 kg/ms^2,100.3642805765955 m/s,293.1554361511092 K,0.07583764354954672 kg/s
6,0.10101010101010101,INTER3,23.754595360169436 kg/m^3,2071003.600478514 kg/ms^2,106.03243981280438 m/s,294.8291966309873 K,0.07976708537784799 kg/s
7,0.10101010101010101,INTER4,7.9041493455852185 kg/m^3,690456.698705188 kg/ms^2,318.9916252422068 m/s,294.74523678726507 K,0.07984941720740046 kg/s
8,0.20202020202020202,INTER1,27.859224880956692 kg/m^3,2413192.5502090612 kg/ms^2,85.95650435542333 m/s,293.1512816992117 K,0.07583769181779187 kg/s
9,0.20202020202020202,INTER2,23.859877011591745 kg/m^3,2067760.5157510655 kg/ms^2,100.36438922882823 m/s,293.1554286999994 K,0.07583770443875702 kg/s
10,0.20202020202020202,INTER3,23.754738545820825 kg/m^3,2070998.516127328 kg/ms^2,106.04215901975475 m/s,294.8268182444079 K,0.07977487789104915 kg/s
11,0.20202020202020202,INTER4,7.903124307036229 kg/m^3,690455.3530286073 kg/ms^2,319.057219439388 m/s,294.78222680886444 K,0.07985547934108424 kg/s
12,0.30303030303030304,INTER1,27.85922247388957 kg/m^3,2413192.1916344073 kg/ms^2,85.9580169634013 m/s,293.15126440304687 K,0.07583901980875885 kg/s
13,0.30303030303030304,INTER2,23.859734652871342 kg/m^3,2067747.7124015375 kg/ms^2,100.36674573715541 m/s,293.15536083711925 K,0.07583903257978132 kg/s
14,0.30303030303030304,INTER3,23.75609495010081 kg/m^3,2070941.9104943716 kg/ms^2,106.02494131614968 m/s,294.8031442554834 K,0.0797664795514387 kg/s
15,0.30303030303030304,INTER4,7.899994756022499 kg/m^3,690442.1658811138 kg/ms^2,319.06130236688847 m/s,294.8914073217669 K,0.07982487893633557 kg/s
16,0.40404040404040403,INTER1,27.859222202337136 kg/m^3,2413192.151157569 kg/ms^2,85.95828229012623 m/s,293.1512624489896 K,0.07583925316193324 kg/s
17,0.40404040404040403,INTER2,23.859709817855695 kg/m^3,2067745.5049888957 kg/ms^2,100.36715891062215 m/s,293.15535253254177 K,0.0758392658422311 kg/s
18,0.40404040404040403,INTER3,23.756242114817958 kg/m^3,2070934.7474070862 kg/ms^2,106.03465531858022 m/s,294.8004373286547 K,0.07977428193847486 kg/s
19,0.40404040404040403,INTER4,7.898926908759881 kg/m^3,690440.6698434954 kg/ms^2,319.1274042807838 m/s,294.92994359183524 K,0.07983062453829962 kg/s
20,0.5050505050505051,INTER1,27.85922192905217 kg/m^3,2413192.1104224846 kg/ms^2,85.95864474345888 m/s,293.1512604824653 K,0.07583957220322657 kg/s
21,0.5050505050505051,INTER2,23.859675974069447 kg/m^3,2067742.5187172685 kg/ms^2,100.3677233036346 m/s,293.15534416783845 K,0.07583958473319063 kg/s
22,0.5050505050505051,INTER3,23.756384113583827 kg/m^3,2070926.7708058201 kg/ms^2,106.0445598776623 m/s,294.797681015046 K,0.07978221043157738 kg/s
23,0.5050505050505051,INTER4,7.897841138691454 kg/m^3,690439.1642622498 kg/ms^2,319.1944170922014 m/s,294.9691440860432 K,0.0798364123270563 kg/s
24,0.6060606060606061,INTER1,27.85920945014562 kg/m^3,2413190.2423375533 kg/ms^2,85.97964269321636 m/s,293.1511697659899 K,0.0758580642903233 kg/s
25,0.6060606060606061,INTER2,23.857716628563413 kg/m^3,2067566.3810125075 kg/ms^2,100.40044289023675 m/s,293.154420912351 K,0.07585807827603673 kg/s
26,0.6060606060606061,INTER3,23.762494615653925 kg/m^3,2070529.2248392226 kg/ms^2,105.99897157807078 m/s,294.67174188740506 K,0.07976842462421235 kg/s
27,0.6060606060606061,INTER4,7.884679195624392 kg/m^3,690365.4612675238 kg/ms^2,319.3412574141546 m/s,295.4218713730319 K,0.07974002928335107 kg/s
28,0.7070707070707071,INTER1,27.859208051289244 kg/m^3,2413190.033899097 kg/ms^2,85.98250570146472 m/s,293.1511597081473 K,0.07586058645432968 kg/s
29,0.7070707070707071,INTER2,23.857449627793745 kg/m^3,2067543.0288053602 kg/ms^2,100.40490561081498 m/s,293.1543828702525 K,0.07586060111353966 kg/s
30,0.7070707070707071,INTER3,23.763156462434985 kg/m^3,2070480.314474456 kg/ms^2,105.98640396469028 m/s,294.65731182678127 K,0.07976118849035803 kg/s
31,0.7070707070707071,INTER4,7.88322719620374 kg/m^3,690357.8053130533 kg/ms^2,319.3217629044441 m/s,295.47210960906034 K,0.07972047788121624 kg/s
32,0.8080808080808081,INTER1,27.85904925180604 kg/m^3,2413166.3736250754 kg/ms^2,86.37216790199804 m/s,293.150018138421 K,0.07620394298428972 kg/s
33,0.8080808080808081,INTER2,23.82106619052835 kg/m^3,2064367.4200750517 kg/ms^2,101.0133846529328 m/s,293.15007501907445 K,0.07620394432642444 kg/s
34,0.8080808080808081,INTER3,23.652103027908986 kg/m^3,2033325.811827443 kg/ms^2,105.27411949733167 m/s,290.91008778872924 K,0.07885490480126746 kg/s
35,0.8080808080808081,INTER4,8.246170488558464 kg/m^3,708662.616132235 kg/ms^2,294.9293147942616 m/s,290.06766603914144 K,0.07702072162737726 kg/s
36,0.9090909090909091,INTER1,27.859048906411413 kg/m^3,2413166.3092083298 kg/ms^2,86.3786431329154 m/s,293.1500141686604 K,0.07620965496919817 kg/s
37,0.9090909090909091,INTER2,23.820461918356727 kg/m^3,2064299.0261071315 kg/ms^2,101.02351940052756 m/s,293.1478866272011 K,0.07620965665492813 kg/s
38,0.9090909090909091,INTER3,23.6483976917738 kg/m^3,2040241.5261016665 kg/ms^2,105.62048915351242 m/s,291.8956244155129 K,0.07910195672689793 kg/s
39,0.9090909090909091,INTER4,8.191487805976756 kg/m^3,704694.2215751519 kg/ms^2,300.64416638768654 m/s,290.3604858681036 K,0.07799251091565233 kg/s
40,1.0101010101010102,INTER1,27.85905359633251 kg/m^3,2413164.5525664263 kg/ms^2,86.40377234011805 m/s,293.1497660815073 K,0.07623183865554728 kg/s
41,1.0101010101010102,INTER2,23.81811979138015 kg/m^3,2064062.8834651893 kg/ms^2,101.06281428064109 m/s,293.14331881684024 K,0.07623180358004114 kg/s
42,1.0101010101010102,INTER3,23.668470327927114 kg/m^3,2050146.6378547864 kg/ms^2,105.6857343017713 m/s,293.0090883193997 K,0.07921800333311399 kg/s
43,1.0101010101010102,INTER4,8.063399242184447 kg/m^3,698683.2686814902 kg/ms^2,308.1683025193154 m/s,292.4139140924881 K,0.07869433352323668 kg/s
44,1.1111111111111112,INTER1,27.859053478509054 kg/m^3,2413164.5774889425 kg/ms^2,86.40549494831303 m/s,293.1497701095467 K,0.07623335814629248 kg/s
45,1.1111111111111112,INTER2,23.81795901839864 kg/m^3,2064049.8429771988 kg/ms^2,101.06551184191206 m/s,293.14343388471036 K,0.07623332377322206 kg/s
46,1.1111111111111112,INTER3,23.67118554924527 kg/m^3,2050372.1548747448 kg/ms^2,105.68051772208554 m/s,293.0078667819617 K,0.07922318053865772 kg/s
47,1.1111111111111112,INTER4,8.05997750222935 kg/m^3,698522.8001782463 kg/ms^2,308.2730962513629 m/s,292.4697261497632 K,0.07868768816007683 kg/s
48,1.2121212121212122,INTER1,27.85905347291674 kg/m^3,2413164.5786706065 kg/ms^2,86.40561547985915 m/s,293.1497703005885 K,0.07623346447288991 kg/s
49,1.2121212121212122,INTER2,23.817947778127415 kg/m^3,2064048.9121481637 kg/ms^2,101.0657004562173 m/s,293.1434393439606 K,0.07623343006784393 kg/s
50,1.2121212121212122,INTER3,23.671311487621097 kg/m^3,2050382.5156615938 kg/ms^2,105.69484728341331 m/s,293.0077966244467 K,0.07923434421467249 kg/s
51,1.2121212121212122,INTER4,8.059451069257326 kg/m^3,698515.0845769931 kg/ms^2,308.35209091972956 m/s,292.48530461838675 K,0.07870271104058749 kg/s
52,1.3131313131313131,INTER1,27.859053386635914 kg/m^3,2413164.59627083 kg/ms^2,86.40819856070519 m/s,293.14977317564865 K,0.07623574322294509 kg/s
53,1.3131313131313131,INTER2,23.817706724802008 kg/m^3,2064028.6759105579 kg/ms^2,101.06974527953678 m/s,293.1435193436623 K,0.07623570949753172 kg/s
54,1.3131313131313131,INTER3,23.673319451274054 kg/m^3,2050547.2980530784 kg/ms^2,105.67608507733019 m/s,293.00662231057737 K,0.07922699910065702 kg/s
55,1.3131313131313131,INTER4,8.056836061891651 kg/m^3,698390.8649508358 kg/ms^2,308.3970342958758 m/s,292.5273461712588 K,0.0786886422575419 kg/s
56,1.4141414141414141,INTER1,27.859053338598844 kg/m^3,2413164.6064377865 kg/ms^2,86.40989609542665 m/s,293.1497748185787 K,0.07623724078295095 kg/s
57,1.4141414141414141,INTER2,23.817548289844144 kg/m^3,2064015.3335460932 kg/ms^2,101.07240379269791 m/s,293.14356626165755 K,0.07623720765055021 kg/s
58,1.4141414141414141,INTER3,23.674362595068573 kg/m^3,2050631.2703312808 kg/ms^2,105.66693448332529 m/s,293.0057901087074 K,0.07922362952353484 kg/s
59,1.4141414141414141,INTER4,8.055450828897499 kg/m^3,698325.5982107194 kg/ms^2,308.40782641236717 m/s,292.54984842278265 K,0.07867786628745503 kg/s
60,1.5151515151515151,INTER1,27.859047504372167 kg/m^3,2413166.12088708 kg/ms^2,86.68804979297936 m/s,293.1500064510455 K,0.07648263265760906 kg/s
61,1.5151515151515151,INTER2,23.7915539565335 kg/m^3,2061816.9896575396 kg/ms^2,101.50856539929335 m/s,293.1500183383634 K,0.07648263308525768 kg/s
62,1.5151515151515151,INTER3,23.634817330727707 kg/m^3,2050948.9086341893 kg/ms^2,105.80359080070724 m/s,293.51474914334557 K,0.07919358241107838 kg/s
63,1.5151515151515151,INTER4,8.007532204637515 kg/m^3,696461.7285949745 kg/ms^2,308.3138527959683 m/s,293.4963692189697 K,0.07818601244684195 kg/s
64,1.6161616161616161,INTER1,27.859047505062314 kg/m^3,2413166.1207438638 kg/ms^2,86.68806193445933 m/s,293.1500064277689 K,0.07648264337161868 kg/s
65,1.6161616161616161,INTER2,23.79155282007455 kg/m^3,2061816.5670016366 kg/ms^2,101.50858445748536 m/s,293.14997440345746 K,0.07648264379146937 kg/s
66,1.6161616161616161,INTER3,23.63461581493074 kg/m^3,2050963.907131607 kg/ms^2,105.77135619397703 m/s,293.51917167139624 K,0.07916877991474748 kg/s
67,1.6161616161616161,INTER4,8.01063255763437 kg/m^3,696453.1096038611 kg/ms^2,308.1832204753296 m/s,293.3812530897037 K,0.07818314430062445 kg/s
68,1.7171717171717171,INTER1,27.85904682370413 kg/m^3,2413166.011982877 kg/ms^2,86.77099899049603 m/s,293.15000069844876 K,0.07655581472678648 kg/s
69,1.7171717171717171,INTER2,23.783785884863516 kg/m^3,2061145.6628125415 kg/ms^2,101.63887855510978 m/s,293.1500017002025 K,0.07655581476848107 kg/s
70,1.7171717171717171,INTER3,23.623013440752228 kg/m^3,2049018.3268108487 kg/ms^2,105.83136615638271 m/s,293.390709989869 K,0.07917481028151717 kg/s
71,1.7171717171717171,INTER4,8.025604374845608 kg/m^3,697186.3844913779 kg/ms^2,307.3910420358167 m/s,293.1470191303932 K,0.0781279243359669 kg/s
72,1.8181818181818181,INTER1,27.859046819121293 kg/m^3,2413166.011104619 kg/ms^2,86.77401970318655 m/s,293.1500006430736 K,0.07655847981110016 kg/s
73,1.8181818181818181,INTER2,23.783502863285175 kg/m^3,2061117.9838175925 kg/ms^2,101.6436265800141 m/s,293.1495649366118 K,0.07655848000764016 kg/s
74,1.8181818181818181,INTER3,23.633826484783665 kg/m^3,2050042.0832133575 kg/ms^2,105.76300966742897 m/s,293.40278870473907 K,0.07915988881740932 kg/s
75,1.8181818181818181,INTER4,8.020333975620526 kg/m^3,696531.5455566632 kg/ms^2,307.8895356353385 m/s,293.06523642813215 K,0.07820323410377661 kg/s
76,1.9191919191919191,INTER1,27.859046818469256 kg/m^3,2413166.010990297 kg/ms^2,86.77481169235949 m/s,293.1500006364155 K,0.07655917856093136 kg/s
77,1.9191919191919191,INTER2,23.7834286578639 kg/m^3,2061111.6049153756 kg/ms^2,101.64487147980249 m/s,293.14956938596123 K,0.07655917880403475 kg/s
78,1.9191919191919191,INTER3,23.63556805788897 kg/m^3,2050148.873386293 kg/ms^2,105.74930791331576 m/s,293.3968116758557 K,0.07915546606143965 kg/s
79,1.9191919191919191,INTER4,8.019746164084928 kg/m^3,696458.5659392134 kg/ms^2,307.90226903755814 m/s,293.0561311882167 K,0.07820073659432386 kg/s
80,2.0202020202020203,INTER1,27.859046817853088 kg/m^3,2413166.010882492 kg/ms^2,86.77595006947112 m/s,293.15000063014975 K,0.07656018292000656 kg/s
81,2.0202020202020203,INTER2,23.783321992156534 kg/m^3,2061102.419437495 kg/ms^2,101.64666094746262 m/s,293.14957358724973 K,0.07656018327128117 kg/s
82,2.0202020202020203,INTER3,23.63718763400354 kg/m^3,2050246.5876665108 kg/ms^2,105.73922014734008 m/s,293.39103668061836 K,0.07915333860689353 kg/s
83,2.0202020202020203,INTER4,8.018915835377971 kg/m^3,696389.6727535046 kg/ms^2,307.9263364888278 m/s,293.05741796576154 K,0.07819875203562969 kg/s
84,2.121212121212121,INTER1,27.859046989455585 kg/m^3,2413166.040086305 kg/ms^2,86.93082626456618 m/s,293.1500022810549 K,0.07669682666533281 kg/s
85,2.121212121212121,INTER2,23.768799209238065 kg/m^3,2059850.7599756632 kg/ms^2,101.89029563144568 m/s,293.15000582900615 K,0.07669682680774896 kg/s
86,2.121212121212121,INTER3,23.615103727743403 kg/m^3,2048357.0820650754 kg/ms^2,105.82302070281204 m/s,293.39382600314565 K,0.07914205878486584 kg/s
87,2.121212121212121,INTER4,8.016617667023077 kg/m^3,696813.208530654 kg/ms^2,307.6759310609379 m/s,293.31522901613596 K,0.07811276785734445 kg/s
88,2.2222222222222223,INTER1,27.859046971525707 kg/m^3,2413166.037017424 kg/ms^2,86.93369665758873 m/s,293.1500021065492 K,0.07669935908972579 kg/s
89,2.2222222222222223,INTER2,23.768529762178424 kg/m^3,2059827.4872006762 kg/ms^2,101.89481519050128 m/s,293.1500070488755 K,0.07669935937078907 kg/s
90,2.2222222222222223,INTER3,23.62897206855369 kg/m^3,2049210.3355814263 kg/ms^2,105.7827207636027 m/s,293.3466132475099 K,0.07915837931271907 kg/s
91,2.2222222222222223,INTER4,8.01046306006773 kg/m^3,696247.9844281351 kg/ms^2,308.0444347337967 m/s,293.302373283616 K,0.078146282143463 kg/s
92,2.323232323232323,INTER1,27.859046954514092 kg/m^3,2413166.0341053205 kg/ms^2,86.93938742693105 m/s,293.15000194093557 K,0.07670437986194938 kg/s
93,2.323232323232323,INTER2,23.76799553074308 kg/m^3,2059781.346049386 kg/ms^2,101.90377643817575 m/s,293.1500096945982 K,0.07670438069880334 kg/s
94,2.323232323232323,INTER3,23.641947474273362 kg/m^3,2049996.5869816279 kg/ms^2,105.73572335172233 m/s,293.300848770081 K,0.0791666596532568 kg/s
95,2.323232323232323,INTER4,8.004488946660246 kg/m^3,695712.2021187806 kg/ms^2,308.3748182584119 m/s,293.2952096218925 K,0.07817175239291907 kg/s
96,2.4242424242424243,INTER1,27.859046953827757 kg/m^3,2413166.033987751 kg/ms^2,86.93974748227849 m/s,293.1500019342447 K,0.07670469752760899 kg/s
97,2.4242424242424243,INTER2,23.767961737038267 kg/m^3,2059778.4257983537 kg/ms^2,101.90434331128681 m/s,293.1500096565985 K,0.07670469833194221 kg/s
98,2.4242424242424243,INTER3,23.642461294351683 kg/m^3,2050027.243387398 kg/ms^2,105.73950157268156 m/s,293.29897234662104 K,0.07917120911307086 kg/s
99,2.4242424242424243,INTER4,8.003446477364841 kg/m^3,695690.477347662 kg/ms^2,308.4299013570334 m/s,293.323715764131 K,0.07817553317025631 kg/s
100,2.525252525252525,INTER1,27.859046954031534 kg/m^3,2413166.034022636 kg/ms^2,86.9396022760933 m/s,293.15000193622865 K,0.07670456941649688 kg/s
101,2.525252525252525,INTER2,23.76797537809097 kg/m^3,2059779.5992006005 kg/ms^2,101.90411449952114 m/s,293.15000894316506 K,0.07670457012513589 kg/s
102,2.525252525252525,INTER3,23.64230955527604 kg/m^3,2050018.4893099149 kg/ms^2,105.7491034316599 m/s,293.29956726173833 K,0.07917789021928438 kg/s
103,2.525252525252525,INTER4,8.002384704122148 kg/m^3,695696.8136572036 kg/ms^2,308.4760448968478 m/s,293.3645609479754 K,0.07817685617527234 kg/s
104,2.6262626262626263,INTER1,27.859046954224468 kg/m^3,2413166.0340556367 kg/ms^2,86.9394282274726 m/s,293.1500019381039 K,0.07670441585841775 kg/s
105,2.6262626262626263,INTER2,23.76799173343176 kg/m^3,2059781.0057149169 kg/ms^2,101.90384016255106 m/s,293.15000803751684 K,0.07670441641028167 kg/s
106,2.6262626262626263,INTER3,23.642168235539835 kg/m^3,2050010.503481423 kg/ms^2,105.75856406041338 m/s,293.30014411543726 K,0.07918450038750093 kg/s
107,2.6262626262626263,INTER4,8.001319165238858 kg/m^3,695702.8037547176 kg/ms^2,308.52236070335044 m/s,293.40540919277345 K,0.07817818293591312 kg/s
108,2.727272727272727,INTER1,27.85904695440635 kg/m^3,2413166.0340867136 kg/ms^2,86.93922972492582 m/s,293.150001939868 K,0.07670424072523974 kg/s
109,2.727272727272727,INTER2,23.768010393000772 kg/m^3,2059782.6098996964 kg/ms^2,101.9035271809609 m/s,293.15000693828927 K,0.07670424104300508 kg/s
110,2.727272727272727,INTER3,23.642037233439414 kg/m^3,2050003.2622275173 kg/ms^2,105.76788902391215 m/s,293.3007008781544 K,0.07919104345494805 kg/s
111,2.727272727272727,INTER4,8.000248921369593 kg/m^3,695708.4403343877 kg/ms^2,308.5688855287759 m/s,293.44629136269407 K,0.07817951355036613 kg/s
112,2.8282828282828283,INTER1,27.859046954115506 kg/m^3,2413166.0340368804 kg/ms^2,86.9396053490983 m/s,293.1500019370312 K,0.07670457212796115 kg/s
113,2.8282828282828283,INTER2,23.76797515358863 kg/m^3,2059779.5638292488 kg/ms^2,101.9041183288196 m/s,293.1500067780215 K,0.07670457228298004 kg/s
114,2.8282828282828283,INTER3,23.642240448618423 kg/m^3,2050014.468356507 kg/ms^2,105.77276272315297 m/s,293.2998335623685 K,0.07919537323266511 kg/s
115,2.8282828282828283,INTER4,7.999083593915447 kg/m^3,695699.2123337708 kg/ms^2,308.61789426068003 m/s,293.4844438049518 K,0.07818054093618475 kg/s
116,2.929292929292929,INTER1,27.859046953808726 kg/m^3,2413166.033984316 kg/ms^2,86.94006075189483 m/s,293.1500019340391 K,0.07670497391726167 kg/s
117,2.929292929292929,INTER2,23.767932431743684 kg/m^3,2059775.8710948937 kg/ms^2,101.90483499898617 m/s,293.1500065989645 K,0.07670497385613598 kg/s
118,2.929292929292929,INTER3,23.642451044242865 kg/m^3,2050025.815459068 kg/ms^2,105.77744572754104 m/s,293.2988985051648 K,0.07919958501636219 kg/s
119,2.929292929292929,INTER4,7.997915222897102 kg/m^3,695689.480481665 kg/ms^2,308.66692039163115 m/s,293.52250820889117 K,0.07818153936006464 kg/s
120,3.0303030303030303,INTER1,27.85904695348605 kg/m^3,2413166.033929032 kg/ms^2,86.94060219576936 m/s,293.15000193089224 K,0.07670545161834298 kg/s
121,3.0303030303030303,INTER2,23.76788164045813 kg/m^3,2059771.480980769 kg/ms^2,101.90568703932703 m/s,293.15000640179653 K,0.07670545127960911 kg/s
122,3.0303030303030303,INTER3,23.642668570755184 kg/m^3,2050037.2503640808 kg/ms^2,105.78194634234346 m/s,293.2978937596575 K,0.07920368351800139 kg/s
123,3.0303030303030303,INTER4,7.996743004715 kg/m^3,695679.2467561101 kg/ms^2,308.7159934572784 m/s,293.560514370048 K,0.07818250842919205 kg/s
124,3.131313131313131,INTER1,27.859046953147597 kg/m^3,2413166.033871046 kg/ms^2,86.94123585140763 m/s,293.15000192759175 K,0.07670601067544242 kg/s
125,3.131313131313131,INTER2,23.76782220131571 kg/m^3,2059766.3435129072 kg/ms^2,101.90668415356933 m/s,293.1500061871332 K,0.07670600998944373 kg/s
126,3.131313131313131,INTER3,23.642892547609424 kg/m^3,2050048.718330527 kg/ms^2,105.78627336540143 m/s,293.2968175302704 K,0.07920767371426748 kg/s
127,3.131313131313131,INTER4,7.995566148596636 kg/m^3,695668.514620783 kg/ms^2,308.7651426738581 m/s,293.5984922712228 K,0.07818344778589356 kg/s
128,3.2323232323232323,INTER1,27.859046952793523 kg/m^3,2413166.0338103855 kg/ms^2,86.9419677598575 m/s,293.15000192413913 K,0.07670665641842112 kg/s
129,3.2323232323232323,INTER2,23.7677535480411 kg/m^3,2059760.4097658496 kg/ms^2,101.9078358417771 m/s,293.1500059555182 K,0.07670665530719441 kg/s
130,3.2323232323232323,INTER3,23.64312246525413 kg/m^3,2050060.1633231482 kg/ms^2,105.79043607260569 m/s,293.2956681869196 K,0.0792115608423764 kg/s
131,3.2323232323232323,INTER4,7.994383878640001 kg/m^3,695657.2890423984 kg/ms^2,308.81439689041315 m/s,293.6364720159428 K,0.07818435711562814 kg/s
132,3.3333333333333335,INTER1,27.859046944200788 kg/m^3,2413166.0323455357 kg/ms^2,86.96131537416268 m/s,293.15000184118406 K,0.07672372629599387 kg/s
133,3.3333333333333335,INTER2,23.76593429698755 kg/m^3,2059603.2905503854 kg/ms^2,101.93835012615229 m/s,293.1500160654767 K,0.07672375049454426 kg/s
134,3.3333333333333335,INTER3,23.648617508133636 kg/m^3,2050324.636032367 kg/ms^2,105.7413062854211 m/s,293.2669708261845 K,0.07919317595708496 kg/s
135,3.3333333333333335,INTER4,7.9926762538582246 kg/m^3,695387.7021978104 kg/ms^2,308.8382065276613 m/s,293.58614795306016 K,0.07817368343675316 kg/s
136,3.4343434343434343,INTER1,27.859046943603456 kg/m^3,2413166.032243334 kg/ms^2,86.9627848675728 m/s,293.1500018353748 K,0.07672502279049433 kg/s
137,3.4343434343434343,INTER2,23.765796343898323 kg/m^3,2059591.372183019 kg/ms^2,101.94066424107088 m/s,293.1500162794336 K,0.07672504684462074 kg/s
138,3.4343434343434343,INTER3,23.64899088979246 kg/m^3,2050342.043271438 kg/ms^2,105.7428642471421 m/s,293.2649446172829 K,0.07919559314452741 kg/s
139,3.4343434343434343,INTER4,7.9915097713390955 kg/m^3,695368.8368556323 kg/ms^2,308.8855037559686 m/s,293.6203976623439 K,0.07817424467523676 kg/s
140,3.5353535353535355,INTER1,27.859046942992478 kg/m^3,2413166.0321387956 kg/ms^2,86.96441126981198 m/s,293.15000182943254 K,0.07672645772157118 kg/s
141,3.5353535353535355,INTER2,23.765643657476645 kg/m^3,2059578.180962229 kg/ms^2,101.9432255007447 m/s,293.1500165194372 K,0.07672648161945049 kg/s
142,3.5353535353535355,INTER3,23.649364867694814 kg/m^3,2050358.8568639734 kg/ms^2,105.74427899629531 m/s,293.26283056197946 K,0.07919790510550306 kg/s
143,3.5353535353535355,INTER4,7.990338631078358 kg/m^3,695349.5417407431 kg/ms^2,308.9328108688047 m/s,293.6546471729187 K,0.07817475935074836 kg/s
144,3.6363636363636362,INTER1,27.859046942368316 kg/m^3,2413166.032032 kg/ms^2,86.96619923644452 m/s,293.1500018233619 K,0.07672803519671005 kg/s
145,3.6363636363636362,INTER2,23.765475799856294 kg/m^3,2059563.6790646862 kg/ms^2,101.94604124955171 m/s,293.1500167869722 K,0.07672805892581842 kg/s
146,3.6363636363636362,INTER3,23.64973877702537 kg/m^3,2050375.0165068076 kg/ms^2,105.74556204654088 m/s,293.26062827861927 K,0.07920011823198889 kg/s
147,3.6363636363636362,INTER4,7.989162209738558 kg/m^3,695329.8315822912 kg/ms^2,308.98015255275857 m/s,293.68892516725964 K,0.07817522758776431 kg/s
148,3.7373737373737375,INTER1,27.85904694173147 kg/m^3,2413166.031923031 kg/ms^2,86.96815307822496 m/s,293.1500018171676 K,0.07672975901917987 kg/s
149,3.7373737373737375,INTER2,23.765292365454023 kg/m^3,2059547.831456981 kg/ms^2,101.94911829031413 m/s,293.1500170835906 K,0.07672978256611755 kg/s
150,3.7373737373737375,INTER3,23.65011195163752 kg/m^3,2050390.463193798 kg/ms^2,105.7467250210929 m/s,293.2583375777249 K,0.07920223899399041 kg/s
151,3.7373737373737375,INTER4,7.987979903664584 kg/m^3,695309.722045839 kg/ms^2,309.02755307503514 m/s,293.7232600343241 K,0.07817564958984935 kg/s
152,3.8383838383838382,INTER1,27.859046941082457 kg/m^3,2413166.031811978 kg/ms^2,86.97027675106143 m/s,293.15000181085463 K,0.0767316326791778 kg/s
153,3.8383838383838382,INTER2,23.765092981900562 kg/m^3,2059530.6059770933 kg/ms^2,101.95246286854157 m/s,293.1500174110516 K,0.07673165602945878 kg/s
154,3.8383838383838382,INTER3,23.650483728681053 kg/m^3,2050405.1395457601 kg/ms^2,105.74777958941172 m/s,293.25595845240343 K,0.07920427390765371 kg/s
155,3.8383838383838382,INTER4,7.986791129417007 kg/m^3,695289.2295732584 kg/ms^2,309.07503625927257 m/s,293.7576797833441 K,0.07817602563893425 kg/s
156,3.9393939393939394,INTER1,27.85904694042182 kg/m^3,2413166.031698934 kg/ms^2,86.97257385167818 m/s,293.1500018044283 K,0.0767336593500024 kg/s
157,3.9393939393939394,INTER2,23.764877310464612 kg/m^3,2059511.9733706203 kg/ms^2,101.95608066537866 m/s,293.1500177712653 K,0.07673368248770213 kg/s
158,3.9393939393939394,INTER3,23.650853453024688 kg/m^3,2050418.9901044045 kg/ms^2,105.74873740607386 m/s,293.2534910662697 K,0.07920622950431315 kg/s
159,3.9393939393939394,INTER4,7.985595324208852 kg/m^3,695268.3712168192 kg/ms^2,309.122625458066 m/s,293.7922119586393 K,0.07817635609281821 kg/s
160,4.040404040404041,INTER1,27.859046939750108 kg/m^3,2413166.031583992 kg/ms^2,86.97504761931911 m/s,293.15000179789405 K,0.07673584188955651 kg/s
161,4.040404040404041,INTER2,23.764645045898533 kg/m^3,2059491.907276641 kg/ms^2,101.95997680034371 m/s,293.150018166185 K,0.07673586479699741 kg/s
162,4.040404040404041,INTER3,23.65122048148836 kg/m^3,2050431.961589672 kg/ms^2,105.74961005127699 m/s,293.25093573862677 K,0.07920811230011808 kg/s
163,4.040404040404041,INTER4,7.984391946078815 kg/m^3,695247.1644648764 kg/ms^2,309.1703435303633 m/s,293.82688356040643 K,0.07817664138132657 kg/s
164,4.141414141414141,INTER1,27.85904693906788 kg/m^3,2413166.031467248 kg/ms^2,86.97770094188408 m/s,293.15000179125724 K,0.07673818284576127 kg/s
165,4.141414141414141,INTER2,23.764395915855278 kg/m^3,2059470.384178616 kg/ms^2,101.96415584090947 m/s,293.1500185979804 K,0.07673820550309698 kg/s
166,4.141414141414141,INTER3,23.65158418653047 kg/m^3,2050444.0031066204 kg/ms^2,105.75040897788777 m/s,293.248292929198 K,0.07920992876872614 kg/s
167,4.141414141414141,INTER4,7.98318047401642 kg/m^3,695225.6270781528 kg/ms^2,309.21821281527724 m/s,293.8617209715993 K,0.078176882001093 kg/s
168,4.242424242424242,INTER1,27.85904693837571 kg/m^3,2413166.0313488 kg/ms^2,86.98053636724279 m/s,293.1500017845233 K,0.07674068446653796 kg/s
169,4.242424242424242,INTER2,23.764129679838128 kg/m^3,2059447.383313124 kg/ms^2,101.96862182025019 m/s,293.15001906896777 K,0.07674070685131262 kg/s
170,4.242424242424242,INTER3,23.65194395961585 kg/m^3,2050455.066309418 kg/ms^2,105.75114545936844 m/s,293.2455632207801 K,0.07921168531357742 kg/s
171,4.242424242424242,INTER4,7.981960408082597 kg/m^3,695203.7769259834 kg/ms^2,309.2662551016706 m/s,293.89674988491055 K,0.07817707850923113 kg/s
172,4.343434343434343,INTER1,27.859046937674155 kg/m^3,2413166.031228742 kg/ms^2,86.98355611766986 m/s,293.15000177769764 K,0.07674334871254372 kg/s
173,4.343434343434343,INTER2,23.76384612784657 kg/m^3,2059422.8865525378 kg/ms^2,101.97337825988201 m/s,293.15001958156677 K,0.07674337079918017 kg/s
174,4.343434343434343,INTER3,23.65229921396762 kg/m^3,2050465.105515563 kg/ms^2,105.75183054670234 m/s,293.2427473023764 K,0.07921338824483813 kg/s
175,4.343434343434343,INTER4,7.9807312692634325 kg/m^3,695181.6318386517 kg/ms^2,309.3144916058302 m/s,293.93199524604245 K,0.07817723151644135 kg/s
176,4.444444444444445,INTER1,27.859046936963775 kg/m^3,2413166.0311071705 kg/ms^2,86.98676210743078 m/s,293.15000177078565 K,0.07674617727268715 kg/s
177,4.444444444444445,INTER2,23.763545078727596 kg/m^3,2059396.8782633562 kg/ms^2,101.97842819741294 m/s,293.1500201384076 K,0.07674619903202348 kg/s
178,4.444444444444445,INTER3,23.652649386800054 kg/m^3,2050474.0777753145 kg/ms^2,105.75247502877673 m/s,293.2398459523451 K,0.07921504375718866 kg/s
179,4.444444444444445,INTER4,7.9794925994516515 kg/m^3,695159.2094726831 kg/ms^2,309.36294294047286 m/s,293.96748119770643 K,0.07817734167917967 kg/s
180,4.545454545454545,INTER1,27.859046936440677 kg/m^3,2413166.031437802 kg/ms^2,86.98403434805793 m/s,293.1500018139159 K,0.07674377063948618 kg/s
181,4.545454545454545,INTER2,23.76380107554075 kg/m^3,2059416.5031221516 kg/ms^2,101.97413382663696 m/s,293.14968191284737 K,0.07674379393166539 kg/s
182,4.545454545454545,INTER3,23.65225822498297 kg/m^3,2050471.586426805 kg/ms^2,105.72354201018719 m/s,293.24411298764204 K,0.07919206148345136 kg/s
183,4.545454545454545,INTER4,7.983888482328747 kg/m^3,695174.6902181454 kg/ms^2,309.18113358211843 m/s,293.81495529991366 K,0.07817444007015335 kg/s
184,4.646464646464646,INTER1,27.859046935754254 kg/m^3,2413166.031321016 kg/ms^2,86.98741474634372 m/s,293.1500018073158 K,0.07674675307583986 kg/s
185,4.646464646464646,INTER2,23.76348365156425 kg/m^3,2059389.0897125772 kg/ms^2,101.97945844872199 m/s,293.14968378859345 K,0.0767467759854553 kg/s
186,4.646464646464646,INTER3,23.65257821687546 kg/m^3,2050477.9337035136 kg/ms^2,105.72473722612757 m/s,293.24120939906743 K,0.079194028161325 kg/s
187,4.646464646464646,INTER4,7.98262559167526 kg/m^3,695153.0581684655 kg/ms^2,309.2305397548648 m/s,293.85161263690503 K,0.07817456449898742 kg/s
188,4.747474747474747,INTER1,27.859046935059702 kg/m^3,2413166.0312028867 kg/ms^2,86.99097886835612 m/s,293.1500018006421 K,0.07674989760687771 kg/s
189,4.747474747474747,INTER2,23.763148964730586 kg/m^3,2059360.1851682377 kg/ms^2,101.98507263751736 m/s,293.1496857289616 K,0.07674992009341158 kg/s
190,4.747474747474747,INTER3,23.65289266288888 kg/m^3,2050483.1945558046 kg/ms^2,105.72591328113762 m/s,293.23822318773097 K,0.07919596194154029 kg/s
191,4.747474747474747,INTER4,7.981351674785179 kg/m^3,695131.1741380321 kg/ms^2,309.2802316269074 m/s,293.88857576183295 K,0.07817464919193216 kg/s
192,4.848484848484849,INTER1,27.859046934357504 kg/m^3,2413166.0310835 kg/ms^2,86.99472792738146 m/s,293.1500017938998 K,0.0767532053030523 kg/s
193,4.848484848484849,INTER2,23.76279689959296 kg/m^3,2059329.7795303033 kg/ms^2,101.99097832841781 m/s,293.14968773622024 K,0.07675322732070829 kg/s
194,4.848484848484849,INTER3,23.65320109747259 kg/m^3,2050487.3349494997 kg/ms^2,105.72707944258265 m/s,293.23515520035556 K,0.07919786820608783 kg/s
195,4.848484848484849,INTER4,7.980066361370892 kg/m^3,695109.0536612935 kg/ms^2,309.33022653199356 m/s,293.92586483488043 K,0.07817469481555164 kg/s
196,4.94949494949495,INTER1,27.859046933429656 kg/m^3,2413166.0309260474 kg/ms^2,86.99987444594736 m/s,293.15000178502515 K,0.07675774594112428 kg/s
197,4.94949494949495,INTER2,23.76231371065308 kg/m^3,2059288.049864734 kg/ms^2,101.99908367927276 m/s,293.1496905329514 K,0.07675776618389483 kg/s
198,4.94949494949495,INTER3,23.65359589340847 kg/m^3,2050491.2409117485 kg/ms^2,105.72891954325672 m/s,293.2310384271586 K,0.07920056850151716 kg/s
199,4.94949494949495,INTER4,7.978942231149521 kg/m^3,695079.8356289349 kg/ms^2,309.3848614218041 m/s,293.95438188762296 K,0.07817748807769638 kg/s
200,5.05050505050505,INTER1,27.859046932500352 kg/m^3,2413166.030768381 kg/ms^2,87.00522321916037 m/s,293.15000177614047 K,0.07676246502325197 kg/s
201,5.05050505050505,INTER2,23.761811507999678 kg/m^3,2059244.6778472944 kg/ms^2,102.00750795982913 m/s,293.14969340375126 K,0.07676248337578448 kg/s
202,5.05050505050505,INTER3,23.65397868870941 kg/m^3,2050493.582349178 kg/ms^2,105.73077332071732 m/s,293.22684996565096 K,0.07920323890523032 kg/s
203,5.05050505050505,INTER4,7.977808180644704 kg/m^3,695050.5782831941 kg/ms^2,309.4397478688692 m/s,293.98324980347434 K,0.07818024379011075 kg/s
204,5.151515151515151,INTER1,27.85904693156992 kg/m^3,2413166.030610558 kg/ms^2,87.01077359223446 m/s,293.15000176724897 K,0.07676736197173543 kg/s
205,5.151515151515151,INTER2,23.761290350029707 kg/m^3,2059199.6685457488 kg/ms^2,102.01625018791688 m/s,293.14969635165994 K,0.07676737831552503 kg/s
206,5.151515151515151,INTER3,23.65434925005737 kg/m^3,2050494.3471373743 kg/ms^2,105.73264569941547 m/s,293.2225909083267 K,0.07920588232333141 kg/s
207,5.151515151515151,INTER4,7.97666394556757 kg/m^3,695021.2925445745 kg/ms^2,309.4949026176882 m/s,294.01248295544355 K,0.07818296351345021 kg/s
208,5.252525252525253,INTER1,27.85904693063868 kg/m^3,2413166.0304526305 kg/ms^2,87.01652488941419 m/s,293.15000175835354 K,0.07677243619037391 kg/s
209,5.252525252525253,INTER2,23.760750296978546 kg/m^3,2059153.0271881556 kg/ms^2,102.02530935042182 m/s,293.14969937991566 K,0.07677245040390142 kg/s
210,5.252525252525253,INTER3,23.65470737118635 kg/m^3,2050493.5249178177 kg/ms^2,105.73454119161941 m/s,293.2182622692549 K,0.07920850144386893 kg/s
211,5.252525252525253,INTER4,7.975509273432719 kg/m^3,694991.9882924532 kg/ms^2,309.55034134935676 m/s,294.04209487105715 K,0.07818564865071184 kg/s
212,5.353535353535354,INTER1,27.8590469297069 kg/m^3,2413166.0302946432 kg/ms^2,87.02247642193198 m/s,293.1500017494565 K,0.07677768707148627 kg/s
213,5.353535353535354,INTER2,23.760191410172744 kg/m^3,2059104.7590983221 kg/ms^2,102.03468441580512 m/s,293.1497024919578 K,0.07677769903035866 kg/s
214,5.353535353535354,INTER3,23.65505287017915 kg/m^3,2050491.1068971802 kg/ms^2,105.73646392006654 m/s,293.2138649885973 K,0.07921109874471786 kg/s
215,5.353535353535354,INTER4,7.974343923627937 kg/m^3,694962.6744538953 kg/ms^2,309.60607869602416 m/s,294.0720982662562 K,0.07818830045179154 kg/s
216,5.454545454545454,INTER1,27.859046926381403 kg/m^3,2413166.029737816 kg/ms^2,87.04413165340311 m/s,293.1500017185097 K,0.07679679291466572 kg/s
217,5.454545454545454,INTER2,23.758146910919933 kg/m^3,2058928.206417931 kg/ms^2,102.0689678672289 m/s,293.14971657838595 K,0.07679688745479529 kg/s
218,5.454545454545454,INTER3,23.65623543029912 kg/m^3,2050476.8073617131 kg/ms^2,105.71298185611292 m/s,293.19799470054033 K,0.07919746649230254 kg/s
219,5.454545454545454,INTER4,7.973913880486728 kg/m^3,694859.2179583851 kg/ms^2,309.58222665284865 m/s,294.0446165348495 K,0.07817806058691693 kg/s
220,5.555555555555555,INTER1,27.85904692546733 kg/m^3,2413166.0295841233 kg/ms^2,87.05036165086766 m/s,293.1500017099301 K,0.07680228947826755 kg/s
221,5.555555555555555,INTER2,23.75756175097701 kg/m^3,2058877.66829399 kg/ms^2,102.07878357621601 m/s,293.1497197099052 K,0.07680238113424454 kg/s
222,5.555555555555555,INTER3,23.656549181304037 kg/m^3,2050471.2812737 kg/ms^2,105.71502912571434 m/s,293.1935483995076 K,0.07920005066523939 kg/s
223,5.555555555555555,INTER4,7.97274530501248 kg/m^3,694830.4609053328 kg/ms^2,309.63833917549164 m/s,294.0749750428179 K,0.07818077149264573 kg/s
224,5.656565656565657,INTER1,27.85904692455327 kg/m^3,2413166.0294304905 kg/ms^2,87.05678718917623 m/s,293.15000170135727 K,0.07680795856251368 kg/s
225,5.656565656565657,INTER2,23.756958185442272 kg/m^3,2058825.5404797972 kg/ms^2,102.08890799557435 m/s,293.1497229317378 K,0.07680804720605353 kg/s
226,5.656565656565657,INTER3,23.656850156619328 kg/m^3,2050464.1679835077 kg/ms^2,105.71711193987748 m/s,293.1890364137463 K,0.07920261873591448 kg/s
227,5.656565656565657,INTER4,7.971565485822294 kg/m^3,694801.7117970699 kg/ms^2,309.69478056086194 m/s,294.10575335315787 K,0.07818345099172304 kg/s
228,5.757575757575758,INTER1,27.85904692363941 kg/m^3,2413166.029276946 kg/ms^2,87.06340762502579 m/s,293.15000169279256 K,0.07681379959983492 kg/s
229,5.757575757575758,INTER2,23.75633627099204 kg/m^3,2058771.827900948 kg/ms^2,102.09934017147535 m/s,293.14972624781774 K,0.07681388510046532 kg/s
230,5.757575757575758,INTER3,23.657138246272453 kg/m^3,2050455.462987507 kg/ms^2,105.71923306756788 m/s,293.18445941934044 K,0.07920517240914053 kg/s
231,5.757575757575758,INTER4,7.9703742321546756 kg/m^3,694772.9765332693 kg/ms^2,309.7515612470646 m/s,294.13696115924176 K,0.07818609975044087 kg/s
232,5.858585858585858,INTER1,27.85904692272592 kg/m^3,2413166.029123515 kg/ms^2,87.07022232436958 m/s,293.1500016842372 K,0.07681981203082865 kg/s
233,5.858585858585858,INTER2,23.75569606331215 kg/m^3,2058716.5353987177 kg/ms^2,102.11007916659476 m/s,293.1497296622526 K,0.07681989425601136 kg/s
234,5.858585858585858,INTER3,23.6574133544039 kg/m^3,2050445.162619107 kg/ms^2,105.7213949840412 m/s,293.1798180399195 K,0.07920771321691156 kg/s
235,5.858585858585858,INTER4,7.969171364866165 kg/m^3,694744.2604180551 kg/ms^2,309.8086907234634 m/s,294.16860749788 K,0.07818871830596666 kg/s
236,5.959595959595959,INTER1,27.859046921812947 kg/m^3,2413166.028970218 kg/ms^2,87.0772306649659 m/s,293.15000167569207 K,0.0768259953065074 kg/s
237,5.959595959595959,INTER2,23.75503761686142 kg/m^3,2058659.6677094721 kg/ms^2,102.12112406409896 m/s,293.1497331793037 K,0.0768260741217531 kg/s
238,5.959595959595959,INTER3,23.65767539779919 kg/m^3,2050433.263947085 kg/ms^2,105.72359988566579 m/s,293.1751128501077 K,0.07921024252457318 kg/s
239,5.959595959595959,INTER4,7.967956716344404 kg/m^3,694715.5682126735 kg/ms^2,309.8661775489665 m/s,294.20070077391193 K,0.07819130707033355 kg/s
240,6.0606060606060606,INTER1,27.859046920900624 kg/m^3,2413166.028817072 kg/ms^2,87.08443203790121 m/s,293.1500016671578 K,0.07683234888964285 kg/s
241,6.0606060606060606,INTER2,23.754360984727853 kg/m^3,2058601.2294522994 kg/ms^2,102.13247397005026 m/s,293.1497368033931 K,0.07683242415863274 kg/s
242,6.0606060606060606,INTER3,23.657924304554378 kg/m^3,2050419.764685934 kg/ms^2,105.72584970535719 m/s,293.1703443790372 K,0.07921276153790033 kg/s
243,6.0606060606060606,INTER4,7.966730130356912 kg/m^3,694686.9041856823 kg/ms^2,309.92402937518614 m/s,294.2332487861001 K,0.07819386633503048 kg/s
244,6.161616161616162,INTER1,27.859046919989076 kg/m^3,2413166.0286640925 kg/ms^2,87.09182584930343 m/s,293.1500016586352 K,0.07683887225627728 kg/s
245,6.161616161616162,INTER2,23.753666218470897 kg/m^3,2058541.2251152035 kg/ms^2,102.14412801607301 m/s,293.1497405390803 K,0.07683894384097414 kg/s
246,6.161616161616162,INTER3,23.658160012894502 kg/m^3,2050404.663115396 kg/ms^2,105.72814612531663 m/s,293.1655131133099 K,0.07921527130866919 kg/s
247,6.161616161616162,INTER4,7.965491461943039 kg/m^3,694658.2721562337 kg/ms^2,309.98225296424226 m/s,294.2662587485882 K,0.07819639627466424 kg/s
248,6.262626262626262,INTER1,27.859046916941647 kg/m^3,2413166.028163133 kg/ms^2,87.11679398379812 m/s,293.1500016313442 K,0.076860900989123 kg/s
249,6.262626262626262,INTER2,23.75130453039087 kg/m^3,2058337.2860668008 kg/ms^2,102.18372572878384 m/s,293.1497574553237 K,0.07686108900882709 kg/s
250,6.262626262626262,INTER3,23.658900656056996 kg/m^3,2050349.1142452762 kg/ms^2,105.70454036602536 m/s,293.14923017710674 K,0.07920006440013183 kg/s
251,6.262626262626262,INTER4,7.965151422702262 kg/m^3,694563.7141724152 kg/ms^2,309.9470726860332 m/s,294.2391986880939 K,0.07818418391588322 kg/s
252,6.363636363636363,INTER1,27.859046916048847 kg/m^3,2413166.028015647 kg/ms^2,87.12443058951884 m/s,293.15000162326606 K,0.07686763856697396 kg/s
253,6.363636363636363,INTER2,23.75058676765306 kg/m^3,2058275.2948186994 kg/ms^2,102.19576541595785 m/s,293.14976121259224 K,0.07686782207333534 kg/s
254,6.363636363636363,INTER3,23.659106064074216 kg/m^3,2050331.1350472644 kg/ms^2,105.70699405157791 m/s,293.14436399929855 K,0.07920259048154157 kg/s
255,6.363636363636363,INTER4,7.963908489949201 kg/m^3,694535.6676388426 kg/ms^2,310.0057916304242 m/s,294.2726150159221 K,0.07818679310886666 kg/s
256,6.4646464646464645,INTER1,27.85904691515697 kg/m^3,2413166.0278683915 kg/ms^2,87.1322553615739 m/s,293.15000161520527 K,0.07687454215913185 kg/s
257,6.4646464646464645,INTER2,23.74985125730719 kg/m^3,2058211.7709433178 kg/ms^2,102.2081027480405 m/s,293.14976508927737 K,0.07687472101471123 kg/s
258,6.4646464646464645,INTER3,23.65929841816287 kg/m^3,2050311.578965387 kg/ms^2,105.70949577572142 m/s,293.1394367609509 K,0.07920510888771992 kg/s
259,6.4646464646464645,INTER4,7.962653216764558 kg/m^3,694507.6575243755 kg/ms^2,310.0648877938775 m/s,294.30650514538974 K,0.07818937162601057 kg/s
260,6.565656565656566,INTER1,27.859046914266102 kg/m^3,2413166.027721373 kg/ms^2,87.14026780256286 m/s,293.1500016071617 K,0.07688161132675334 kg/s
261,6.565656565656566,INTER2,23.74909804153781 kg/m^3,2058146.7181204464 kg/ms^2,102.22073701371791 m/s,293.14976909019396 K,0.07688178539292481 kg/s
262,6.565656565656566,INTER3,23.659477683339798 kg/m^3,2050290.4455478992 kg/ms^2,105.71204637544878 m/s,293.13444880529096 K,0.07920762012646446 kg/s
263,6.565656565656566,INTER4,7.961385503172862 kg/m^3,694479.6863165849 kg/ms^2,310.12436459044136 m/s,294.34087413275154 K,0.07819191923192939 kg/s
264,6.666666666666667,INTER1,27.859046913376314 kg/m^3,2413166.027574594 kg/ms^2,87.14846743115291 m/s,293.1500015991349 K,0.07688884564517107 kg/s
265,6.666666666666667,INTER2,23.7483271609068 kg/m^3,2058080.139890643 kg/ms^2,102.23366752878805 m/s,293.1497732202926 K,0.07688901478221782 kg/s
266,6.666666666666667,INTER3,23.659643830475133 kg/m^3,2050267.7346370763 kg/ms^2,105.71464649600374 m/s,293.12940044646007 K,0.07921012458138171 kg/s
267,6.666666666666667,INTER4,7.960105259417387 kg/m^3,694451.7562240855 kg/ms^2,310.1842246729714 m/s,294.3757265563584 K,0.07819443559753378 kg/s
268,6.767676767676767,INTER1,27.859046912487678 kg/m^3,2413166.027428057 kg/ms^2,87.15685378290695 m/s,293.15000159112435 K,0.07689624470462433 kg/s
269,6.767676767676767,INTER2,23.747538654278145 kg/m^3,2058012.0396486307 kg/ms^2,102.24689363744216 m/s,293.14977748464486 K,0.07689640877182505 kg/s
270,6.767676767676767,INTER3,23.6597968356871 kg/m^3,2050243.4463284672 kg/ms^2,105.71729659915701 m/s,293.12429197109543 K,0.07921262251605594 kg/s
271,6.767676767676767,INTER4,7.95881240572809 kg/m^3,694423.8691987465 kg/ms^2,310.244469954392 m/s,294.41106653386595 K,0.07819692030333716 kg/s
272,6.8686868686868685,INTER1,27.859046911600252 kg/m^3,2413166.0272817602 kg/ms^2,87.16542641073286 m/s,293.1500015831295 K,0.07690380811065545 kg/s
273,6.8686868686868685,INTER2,23.746732558779637 kg/m^3,2057942.4206396558 kg/ms^2,102.26041471296702 m/s,293.14978188839854 K,0.07690396696637879 kg/s
274,6.8686868686868685,INTER3,23.65993667979518 kg/m^3,2050217.5809347725 kg/ms^2,105.7199969703286 m/s,293.1191236398523 K,0.07921511407755 kg/s
275,6.8686868686868685,INTER4,7.957506872246559 kg/m^3,694396.0269567011 kg/ms^2,310.30510161962127 m/s,294.4468977332398 K,0.07819937284195082 kg/s
276,6.96969696969697,INTER1,27.859046908771187 kg/m^3,2413166.026832848 kg/ms^2,87.19284113973939 m/s,293.1500015596477 K,0.07692799541134109 kg/s
277,6.96969696969697,INTER2,23.744135075700342 kg/m^3,2057718.135245017 kg/ms^2,102.30396165161308 m/s,293.1498026121356 K,0.07692830047502654 kg/s
278,6.96969696969697,INTER3,23.660338975395362 kg/m^3,2050130.7339699543 kg/ms^2,105.69596046281512 m/s,293.102561951185 K,0.07919845032989155 kg/s
279,6.96969696969697,INTER4,7.9572591142081555 kg/m^3,694308.4719475206 kg/ms^2,310.2598905226851 m/s,294.41938497617576 K,0.07818554488996657 kg/s
280,7.070707070707071,INTER1,27.859046907902435 kg/m^3,2413166.026693195 kg/ms^2,87.20162754515516 m/s,293.1500015522302 K,0.07693574742787689 kg/s
281,7.070707070707071,INTER2,23.743308641086855 kg/m^3,2057646.7588535608 kg/ms^2,102.31782376257149 m/s,293.1498070280464 K,0.07693604628563132 kg/s
282,7.070707070707071,INTER3,23.660450485808987 kg/m^3,2050102.2275630557 kg/ms^2,105.69882552865799 m/s,293.09736756370137 K,0.07920097040624766 kg/s
283,7.070707070707071,INTER4,7.955949667433369 kg/m^3,694281.2066859574 kg/ms^2,310.32103296125985 m/s,294.4556076408499 K,0.07818808404392481 kg/s
284,7.171717171717171,INTER1,27.859046907034887 kg/m^3,2413166.0265538343 kg/ms^2,87.2105963708576 m/s,293.15000154483437 K,0.07694366038913061 kg/s
285,7.171717171717171,INTER2,23.74246496377172 kg/m^3,2057573.8936601626 kg/ms^2,102.33197502155129 m/s,293.14981159101876 K,0.07694395290301459 kg/s
286,7.171717171717171,INTER3,23.66054908594632 kg/m^3,2050072.1744103606 kg/ms^2,105.70173835555241 m/s,293.0921144693879 K,0.07920348307370571 kg/s
287,7.171717171717171,INTER4,7.9546275164165925 kg/m^3,694253.9852907872 kg/ms^2,310.382550151024 m/s,294.4923227349471 K,0.07819058765584715 kg/s
288,7.2727272727272725,INTER1,27.85904690616859 kg/m^3,2413166.0264147595 kg/ms^2,87.21974725542569 m/s,293.150001537459 K,0.07695173397622992 kg/s
289,7.2727272727272725,INTER2,23.741604072560214 kg/m^3,2057499.5421916142 kg/ms^2,102.34641494125836 m/s,293.1498163062975 K,0.07695202000779587 kg/s
290,7.2727272727272725,INTER3,23.660634766678534 kg/m^3,2050040.5750925904 kg/ms^2,105.70469865762485 m/s,293.08680284656924 K,0.07920598808437186 kg/s
291,7.2727272727272725,INTER4,7.953292630123935 kg/m^3,694226.8088517452 kg/ms^2,310.44444064432497 m/s,294.5295322714645 K,0.07819305493467055 kg/s
292,7.373737373737374,INTER1,27.859046905303583 kg/m^3,2413166.0262759626 kg/ms^2,87.22907985345577 m/s,293.1500015301026 K,0.0769599678844342 kg/s
293,7.373737373737374,INTER2,23.740725994649974 kg/m^3,2057423.7068362532 kg/ms^2,102.36114306134948 m/s,293.14982117919243 K,0.0769602472948068 kg/s
294,7.373737373737374,INTER3,23.660707521682706 kg/m^3,2050007.4302946096 kg/ms^2,105.70770600833596 m/s,293.0814328545315 K,0.07920848509421904 kg/s
295,7.373737373737374,INTER4,7.951944986475652 kg/m^3,694199.678302981 kg/ms^2,310.50670236794866 m/s,294.5672378794491 K,0.07819548501894406 kg/s
296,7.474747474747475,INTER1,27.859046904439904 kg/m^3,2413166.0261374335 kg/ms^2,87.238593835359 m/s,293.15000152276383 K,0.07696836182295577 kg/s
297,7.474747474747475,INTER2,23.739830755640945 kg/m^3,2057346.3898451463 kg/ms^2,102.37615894813058 m/s,293.14982621512206 K,0.07696863447289418 kg/s
298,7.474747474747475,INTER3,23.66076734713663 kg/m^3,2049972.7407872935 kg/ms^2,105.71075984617603 m/s,293.07600463464877 K,0.07921097366633409 kg/s
299,7.474747474747475,INTER4,7.950584572221959 kg/m^3,694172.5944355989 kg/ms^2,310.56933263800374 m/s,294.60544081325185 K,0.07819787697958071 kg/s
300,7.575757575757575,INTER1,27.859046901804337 kg/m^3,2413166.025702722 kg/ms^2,87.26848080634045 m/s,293.150001498994 K,0.07699473031950892 kg/s
301,7.575757575757575,INTER2,23.736995386846544 kg/m^3,2057101.5637159988 kg/ms^2,102.42369085641856 m/s,293.14984889143597 K,0.07699517297693166 kg/s
302,7.575757575757575,INTER3,23.6609147493929 kg/m^3,2049859.7880464406 kg/ms^2,105.68606156909462 m/s,293.05888753209587 K,0.07919296015768858 kg/s
303,7.575757575757575,INTER4,7.950335691777895 kg/m^3,694088.6048428403 kg/ms^2,310.51851610496954 m/s,294.57943793383333 K,0.0781826344861089 kg/s
304,7.6767676767676765,INTER1,27.859046900958056 kg/m^3,2413166.025572025 kg/ms^2,87.27818831421233 m/s,293.1500014923818 K,0.07700329500104834 kg/s
305,7.6767676767676765,INTER2,23.736081643646937 kg/m^3,2057022.647808756 kg/ms^2,102.43901697002337 m/s,293.1498539301617 K,0.0770037297756724 kg/s
306,7.6767676767676765,INTER3,23.660948163480274 kg/m^3,2049822.655750224 kg/ms^2,105.68926682748403 m/s,293.0534374362787 K,0.07919547377058268 kg/s
307,7.6767676767676765,INTER4,7.948972970824402 kg/m^3,694062.0694398561 kg/ms^2,310.58157134297016 m/s,294.6179638488087 K,0.0781851070379084 kg/s
308,7.777777777777778,INTER1,27.859046900113043 kg/m^3,2413166.02544165 kg/ms^2,87.2880735801306 m/s,293.1500014857938 K,0.07701201651393143 kg/s
309,7.777777777777778,INTER2,23.735151063003755 kg/m^3,2056942.2782759313 kg/ms^2,102.45462540903542 m/s,293.1498591383044 K,0.07701244327239323 kg/s
310,7.777777777777778,INTER3,23.660968931671917 kg/m^3,2049784.0101709056 kg/ms^2,105.69251370138265 m/s,293.0479300220553 K,0.07919797624546022 kg/s
311,7.777777777777778,INTER4,7.947597641267938 kg/m^3,694035.5779043498 kg/ms^2,310.6449713815424 m/s,294.6569807216766 K,0.07818753688972392 kg/s
312,7.878787878787879,INTER1,27.85904689926933 kg/m^3,2413166.0253115813 kg/ms^2,87.29813634279769 m/s,293.1500014792282 K,0.07702089462762213 kg/s
313,7.878787878787879,INTER2,23.734203663867778 kg/m^3,2056860.4567929455 kg/ms^2,102.47051585129407 m/s,293.1498645211385 K,0.0770213132365129 kg/s
314,7.878787878787879,INTER3,23.66097705403572 kg/m^3,2049743.8520340421 kg/ms^2,105.69580120867768 m/s,293.0423653784297 K,0.07920046684280828 kg/s
315,7.878787878787879,INTER4,7.946209724232039 kg/m^3,694009.1306948272 kg/ms^2,310.70871138567867 m/s,294.69648842328877 K,0.07818992291167633 kg/s
316,7.979797979797979,INTER1,27.859046898426946 kg/m^3,2413166.0251818034 kg/ms^2,87.30837635543311 m/s,293.1500014726827 K,0.07702992912439247 kg/s
317,7.979797979797979,INTER2,23.733239463720107 kg/m^3,2056777.1849085966 kg/ms^2,102.48668799922187 m/s,293.1498700839912 K,0.07703033945033197 kg/s
318,7.979797979797979,INTER3,23.660972532180836 kg/m^3,2049702.1820961775 kg/ms^2,105.69912825623108 m/s,293.0367435803061 K,0.0792029447449798 kg/s
319,7.979797979797979,INTER4,7.944809248928322 kg/m^3,693982.728169157 kg/ms^2,310.77278598577414 m/s,294.73648649194723 K,0.07819226391918425 kg/s
320,8.080808080808081,INTER1,27.85904689758592 kg/m^3,2413166.0250522983 kg/ms^2,87.31879338658831 m/s,293.15000146615506 K,0.0770391198000414 kg/s
321,8.080808080808081,INTER2,23.73225847849897 kg/m^3,2056692.4640386226 kg/ms^2,102.50314158108714 m/s,293.1498758322272 K,0.07703952170973992 kg/s
322,8.080808080808081,INTER3,23.660955369078977 kg/m^3,2049659.001130749 kg/ms^2,105.70249364076028 m/s,293.0310646886743 K,0.07920540905626047 kg/s
323,8.080808080808081,INTER4,7.943396252670309 kg/m^3,693956.3705894174 kg/ms^2,310.837189277213 m/s,294.7769741343973 K,0.0781945586732196 kg/s
324,8.181818181818182,INTER1,27.859046895155323 kg/m^3,2413166.0246588266 kg/ms^2,87.35040153679884 m/s,293.1500014450868 K,0.07706700684919966 kg/s
325,8.181818181818182,INTER2,23.729255645976593 kg/m^3,2056433.2037271338 kg/ms^2,102.55347739316844 m/s,293.14990341481774 K,0.07706760063822422 kg/s
326,8.181818181818182,INTER3,23.660866949686852 kg/m^3,2049524.1004194398 kg/ms^2,105.67716784574668 m/s,293.0137326578777 K,0.07918613591739701 kg/s
327,8.181818181818182,INTER4,7.943217954861429 kg/m^3,693877.1667266538 kg/ms^2,310.77855540706764 m/s,294.75037963395533 K,0.07817805384251938 kg/s
328,8.282828282828282,INTER1,27.85904689433081 kg/m^3,2413166.024538379 kg/ms^2,87.36099096088087 m/s,293.1500014394351 K,0.07707634962272608 kg/s
329,8.282828282828282,INTER2,23.72825807912345 kg/m^3,2056347.0497903358 kg/ms^2,102.57020893152375 m/s,293.14990913087127 K,0.07707693375645135 kg/s
330,8.282828282828282,INTER3,23.660825254022146 kg/m^3,2049478.676464852 kg/ms^2,105.68067214683013 m/s,293.00803679783365 K,0.07918862221622186 kg/s
331,8.282828282828282,INTER4,7.941804408395308 kg/m^3,693851.3332363003 kg/ms^2,310.84329936979447 m/s,294.79111714039635 K,0.0781804253589272 kg/s
332,8.383838383838384,INTER1,27.85904689350756 kg/m^3,2413166.024418258 kg/ms^2,87.37175395402899 m/s,293.1500014338083 K,0.07708584553176677 kg/s
333,8.383838383838384,INTER2,23.727244033758257 kg/m^3,2056259.4733869417 kg/ms^2,102.58721674959615 m/s,293.1499150367923 K,0.07708641988432767 kg/s
334,8.383838383838384,INTER3,23.660771219456265 kg/m^3,2049431.7733476483 kg/ms^2,105.68420814103179 m/s,293.0022845929054 K,0.07919109095651722 kg/s
335,8.383838383838384,INTER4,7.940378657126885 kg/m^3,693825.5406972728 kg/ms^2,310.9083386604699 m/s,294.83233170022487 K,0.07818274517240299 kg/s
336,8.484848484848484,INTER1,27.859046892685605 kg/m^3,2413166.0242984416 kg/ms^2,87.38269033647558 m/s,293.1500014282036 K,0.07709549441771749 kg/s
337,8.484848484848484,INTER2,23.72621352075206 kg/m^3,2056170.4754928148 kg/ms^2,102.60450066062094 m/s,293.14992113767636 K,0.07709605886359984 kg/s
338,8.484848484848484,INTER3,23.660704849739506 kg/m^3,2049383.3916699288 kg/ms^2,105.6877743132313 m/s,292.9964760712455 K,0.07919354101122367 kg/s
339,8.484848484848484,INTER4,7.938940769296154 kg/m^3,693799.7892071835 kg/ms^2,310.9736655905094 m/s,294.874021319838 K,0.07818501190650935 kg/s
340,8.585858585858587,INTER1,27.85904689186497 kg/m^3,2413166.0241789063 kg/ms^2,87.39379994130918 m/s,293.1500014226181 K,0.07710529613331658 kg/s
341,8.585858585858587,INTER2,23.72516654966512 kg/m^3,2056080.056970438 kg/ms^2,102.62206049974779 m/s,293.1499274386054 K,0.07710585054740389 kg/s
342,8.585858585858587,INTER3,23.660626149496775 kg/m^3,2049333.5320300616 kg/ms^2,105.69136905471349 m/s,292.9906112500338 K,0.07919597118601991 kg/s
343,8.585858585858587,INTER4,7.937490821027752 kg/m^3,693774.0787938677 kg/ms^2,311.0392719796895 m/s,294.91618369019307 K,0.07818722414018488 kg/s
344,8.686868686868687,INTER1,27.859046891045683 kg/m^3,2413166.0240596267 kg/ms^2,87.40508261654782 m/s,293.1500014170486 K,0.07711525054447436 kg/s
345,8.686868686868687,INTER2,23.724103128557147 kg/m^3,2055988.218552444 kg/ms^2,102.63989612733772 m/s,293.1499339446386 K,0.07711579480212008 kg/s
346,8.686868686868687,INTER3,23.660535124104793 kg/m^3,2049282.1950069391 kg/ms^2,105.69499066466076 m/s,292.9846901347783 K,0.07919838022003778 kg/s
347,8.686868686868687,INTER4,7.936028895943145 kg/m^3,693748.4094148789 kg/ms^2,311.1051491717512 m/s,294.95881620017184 K,0.07818938040807648 kg/s
348,8.787878787878787,INTER1,27.859046888859364 kg/m^3,2413166.0237108166 kg/ms^2,87.43821998448038 m/s,293.15000139868505 K,0.07714448678365914 kg/s
349,8.787878787878787,INTER2,23.720950744896662 kg/m^3,2055716.0930578632 kg/ms^2,102.69273566458075 m/s,293.1499693326103 K,0.07714524222535789 kg/s
350,8.787878787878787,INTER3,23.66023447704662 kg/m^3,2049127.600994073 kg/ms^2,105.6689388162175 m/s,292.967171355802 K,0.0791778531918948 kg/s
351,8.787878787878787,INTER4,7.935923887365701 kg/m^3,693673.5453466419 kg/ms^2,311.03876880036 m/s,294.9313400904799 K,0.07817166280202588 kg/s
352,8.88888888888889,INTER1,27.85904688805549 kg/m^3,2413166.023601821 kg/ms^2,87.4496550271547 m/s,293.1500013941431 K,0.07715457562471689 kg/s
353,8.88888888888889,INTER2,23.719872560853577 kg/m^3,2055622.9782312228 kg/ms^2,102.71081872443355 m/s,293.14997574216846 K,0.07715531956689661 kg/s
354,8.88888888888889,INTER3,23.660120756826586 kg/m^3,2049074.213802144 kg/ms^2,105.67268259657841 m/s,292.96123771846015 K,0.07918027783786737 kg/s
355,8.88888888888889,INTER4,7.934463643971844 kg/m^3,693648.3746392061 kg/ms^2,311.1048760169852 m/s,294.97413120004063 K,0.07817389019308187 kg/s
356,8.98989898989899,INTER1,27.859046887252862 kg/m^3,2413166.0234931307 kg/ms^2,87.46125977420755 m/s,293.15000138962375 K,0.07716481419157463 kg/s
357,8.98989898989899,INTER2,23.718778225213754 kg/m^3,2055528.4693055975 kg/ms^2,102.72917255568146 m/s,293.1499823587091 K,0.07716554651816171 kg/s
358,8.98989898989899,INTER3,23.659995023041677 kg/m^3,2049019.3813271157 kg/ms^2,105.67644528106888 m/s,292.9552484588224 K,0.07918267641594179 kg/s
359,8.98989898989899,INTER4,7.932991876977981 kg/m^3,693623.2404111074 kg/ms^2,311.17121271351203 m/s,295.01737460689037 K,0.07817605556273065 kg/s
360,9.09090909090909,INTER1,27.859046886451512 kg/m^3,2413166.023384716 kg/ms^2,87.47303410711503 m/s,293.1500013851234 K,0.07717520237966184 kg/s
361,9.09090909090909,INTER2,23.71766774271104 kg/m^3,2055432.5667227574 kg/ms^2,102.74779707447411 m/s,293.14998918682437 K,0.0771759229752586 kg/s
362,9.09090909090909,INTER3,23.65985728057713 kg/m^3,2048963.1039728308 kg/ms^2,105.68022493394103 m/s,292.94920356405663 K,0.07918504748751265 kg/s
363,9.09090909090909,INTER4,7.931508698753296 kg/m^3,693598.1425530979 kg/ms^2,311.23776870749305 m/s,295.0610666071868 K,0.07817815735616662 kg/s
364,9.191919191919192,INTER1,27.859046885651466 kg/m^3,2413166.023276545 kg/ms^2,87.48497791959888 m/s,293.15000138063806 K,0.07718574009521205 kg/s
365,9.191919191919192,INTER2,23.716541116828555 kg/m^3,2055335.2708159022 kg/ms^2,102.76669221794106 m/s,293.1499962310416 K,0.0771864488451721 kg/s
366,9.191919191919192,INTER3,23.65970753484253 kg/m^3,2048905.3821201988 kg/ms^2,105.68401953838057 m/s,292.9431030118708 K,0.07918738955498357 kg/s
367,9.191919191919192,INTER4,7.930014229269482 kg/m^3,693573.0809014686 kg/ms^2,311.3045333599876 m/s,295.10520319497755 K,0.07818019398126905 kg/s
368,9.292929292929292,INTER1,27.85904688485275 kg/m^3,2413166.0231685843 kg/ms^2,87.49709111762071 m/s,293.15000137616386 K,0.07719642725525765 kg/s
369,9.292929292929292,INTER2,23.71539834979708 kg/m^3,2055236.581809574 kg/ms^2,102.78585794417124 m/s,293.15000349583096 K,0.07719712404573903 kg/s
370,9.292929292929292,INTER3,23.65954579170174 kg/m^3,2048846.2161228973 kg/ms^2,105.68782699584105 m/s,292.93694677075183 K,0.0791897010610437 kg/s
371,9.292929292929292,INTER4,7.928508596208471 kg/m^3,693548.0552408826 kg/ms^2,311.3714955666576 m/s,295.1497800588178 K,0.07818216380766238 kg/s
372,9.393939393939394,INTER1,27.85904687861701 kg/m^3,2413166.0237477184 kg/ms^2,87.5307202780921 m/s,293.15000150443177 K,0.07722609737907984 kg/s
373,9.393939393939394,INTER2,23.71219430937964 kg/m^3,2054959.5525098534 kg/ms^2,102.8395598898464 m/s,293.149979126904 K,0.07722702171653033 kg/s
374,9.393939393939394,INTER3,23.65906792158739 kg/m^3,2048677.6921462682 kg/ms^2,105.66111525710205 m/s,292.91961325632036 K,0.07916808745684485 kg/s
375,9.393939393939394,INTER4,7.928556561608992 kg/m^3,693478.9439227433 kg/ms^2,311.2954168388753 m/s,295.1190944275684 K,0.0781635340916115 kg/s
376,9.494949494949495,INTER1,27.85904687785439 kg/m^3,2413166.02364733 kg/ms^2,87.54296393653249 m/s,293.1500015004687 K,0.0772368996410848 kg/s
377,9.494949494949495,INTER2,23.711038788620346 kg/m^3,2054859.76319411 kg/ms^2,102.8589393424028 m/s,293.1499866321643 K,0.07723781058616933 kg/s
378,9.494949494949495,INTER3,23.65888530069392 kg/m^3,2048616.6798004312 kg/ms^2,105.66503444491279 m/s,292.91345069493593 K,0.07917041285425024 kg/s
379,9.494949494949495,INTER4,7.927054517558632 kg/m^3,693454.3971406311 kg/ms^2,311.3625303833678 m/s,295.163751550568 K,0.07816557464371404 kg/s
380,9.595959595959595,INTER1,27.85904687709289 kg/m^3,2413166.023547216 kg/ms^2,87.55537368851849 m/s,293.1500014965261 K,0.07724784844314457 kg/s
381,9.595959595959595,INTER2,23.709867418325928 kg/m^3,2054758.605961457 kg/ms^2,102.87858447600122 m/s,293.1499943563952 K,0.0772487458911673 kg/s
382,9.595959595959595,INTER3,23.65869100074794 kg/m^3,2048554.2555490592 kg/ms^2,105.66895757584463 m/s,292.90723305605013 K,0.07917270207731386 kg/s
383,9.595959595959595,INTER4,7.925541870843813 kg/m^3,693429.8813666359 kg/ms^2,311.4297941185772 m/s,295.2088268772277 K,0.0781675419368029 kg/s
384,9.696969696969697,INTER1,27.859046876332542 kg/m^3,2413166.023447339 kg/ms^2,87.56794945528966 m/s,293.15000149259924 K,0.07725894371577091 kg/s
385,9.696969696969697,INTER2,23.708680199144233 kg/m^3,2054656.0808949734 kg/ms^2,102.89849527539953 m/s,293.15000230343605 K,0.07725982756304149 kg/s
386,9.696969696969697,INTER3,23.65848502670799 kg/m^3,2048490.4196210438 kg/ms^2,105.6728823769207 m/s,292.9009603015771 K,0.07917495343518575 kg/s
387,9.696969696969697,INTER4,7.9240187760564735 kg/m^3,693405.3963816089 kg/ms^2,311.49719562528367 m/s,295.25431508507563 K,0.07816943428999464 kg/s
388,9.797979797979798,INTER1,27.85904687557338 kg/m^3,2413166.0233476586 kg/ms^2,87.58069116897993 m/s,293.15000148868313 K,0.07727018539908745 kg/s
389,9.797979797979798,INTER2,23.70747713059973 kg/m^3,2054552.1879797555 kg/ms^2,102.91867174417962 m/s,293.15001047700497 K,0.0772710555429845 kg/s
390,9.797979797979798,INTER3,23.658267383901798 kg/m^3,2048425.1722184813 kg/ms^2,105.67680649937645 m/s,292.8946323852755 K,0.07917716518152494 kg/s
391,9.797979797979798,INTER4,7.922485395454861 kg/m^3,693380.9419212741 kg/ms^2,311.564722029471 m/s,295.30021054757117 K,0.07817124998737436 kg/s
392,9.8989898989899,INTER1,27.85904687481544 kg/m^3,2413166.023248132 kg/ms^2,87.59359877042434 m/s,293.1500014847726 K,0.07728157344089454 kg/s
393,9.8989898989899,INTER2,23.70625821129732 kg/m^3,2054446.927120819 kg/ms^2,102.93911390130299 m/s,293.15001888073857 K,0.07728242977993567 kg/s
394,9.8989898989899,INTER3,23.658038078018947 kg/m^3,2048358.513525096 kg/ms^2,105.68072752226765 m/s,292.88824925398245 K,0.07917933551718925 kg/s
395,9.8989898989899,INTER4,7.92094189911812 kg/m^3,693356.5176822542 kg/ms^2,311.63236001071226 m/s,295.3465073302831 K,0.07817298728186535 kg/s
396,10.0,INTER1,27.859046872494933 kg/m^3,2413166.0231721685 kg/ms^2,87.62747817426555 m/s,293.150001499053 K,0.07731146435882429 kg/s
397,10.0,INTER2,23.703025471624056 kg/m^3,2054167.9128189867 kg/ms^2,102.99329382495524 m/s,293.1500618224996 K,0.07731256154405586 kg/s
398,10.0,INTER3,23.657410591984945 kg/m^3,2048179.6812265394 kg/ms^2,105.65329093881594 m/s,292.87126857707545 K,0.07915667962186745 kg/s
399,10.0,INTER4,7.921155695664616 kg/m^3,693292.628299306 kg/ms^2,311.5462405783473 m/s,295.3119048994825 K,0.07815349362728315 kg/s
